id,isResult,h,a,goals,xG,datetime,forecast,season,league
12709,True,"{'id': '171', 'title': 'Monaco', 'short_title': 'MON'}","{'id': '178', 'title': 'Lyon', 'short_title': 'LYO'}","{'h': '0', 'a': '3'}","{'h': '0.563183', 'a': '0.833034'}",2019-08-09 19:45:00,"{'w': '0.2187', 'd': '0.3862', 'l': '0.3951'}",2019,Ligue_1
12710,True,"{'id': '164', 'title': 'Marseille', 'short_title': 'MAR'}","{'id': '177', 'title': 'Reims', 'short_title': 'REI'}","{'h': '0', 'a': '2'}","{'h': '0.874557', 'a': '1.2983'}",2019-08-10 16:30:00,"{'w': '0.2383', 'd': '0.2938', 'l': '0.4679'}",2019,Ligue_1
12711,True,"{'id': '241', 'title': 'Brest', 'short_title': 'BRE'}","{'id': '174', 'title': 'Toulouse', 'short_title': 'TOU'}","{'h': '1', 'a': '1'}","{'h': '2.32973', 'a': '1.42777'}",2019-08-10 19:00:00,"{'w': '0.612', 'd': '0.2288', 'l': '0.1592'}",2019,Ligue_1
12712,True,"{'id': '166', 'title': 'Montpellier', 'short_title': 'MPL'}","{'id': '163', 'title': 'Rennes', 'short_title': 'REN'}","{'h': '0', 'a': '1'}","{'h': '2.56158', 'a': '1.17033'}",2019-08-10 19:00:00,"{'w': '0.7229', 'd': '0.1784', 'l': '0.0987'}",2019,Ligue_1
12713,True,"{'id': '170', 'title': 'Nice', 'short_title': 'NIC'}","{'id': '224', 'title': 'Amiens', 'short_title': 'AMI'}","{'h': '2', 'a': '1'}","{'h': '1.86828', 'a': '0.604143'}",2019-08-10 19:00:00,"{'w': '0.7341', 'd': '0.1947', 'l': '0.0712'}",2019,Ligue_1
12714,True,"{'id': '167', 'title': 'Angers', 'short_title': 'ANG'}","{'id': '176', 'title': 'Bordeaux', 'short_title': 'BOR'}","{'h': '3', 'a': '1'}","{'h': '1.52399', 'a': '1.29511'}",2019-08-10 19:00:00,"{'w': '0.4118', 'd': '0.2805', 'l': '0.3077'}",2019,Ligue_1
12715,True,"{'id': '181', 'title': 'Dijon', 'short_title': 'DJN'}","{'id': '175', 'title': 'Saint-Etienne', 'short_title': 'SEN'}","{'h': '1', 'a': '2'}","{'h': '2.15127', 'a': '0.916517'}",2019-08-10 19:00:00,"{'w': '0.7057', 'd': '0.1917', 'l': '0.1026'}",2019,Ligue_1
12716,True,"{'id': '160', 'title': 'Lille', 'short_title': 'LIL'}","{'id': '168', 'title': 'Nantes', 'short_title': 'NAN'}","{'h': '2', 'a': '1'}","{'h': '1.20625', 'a': '0.5183'}",2019-08-11 14:00:00,"{'w': '0.5538', 'd': '0.2981', 'l': '0.1481'}",2019,Ligue_1
12717,True,"{'id': '225', 'title': 'Strasbourg', 'short_title': 'STR'}","{'id': '180', 'title': 'Metz', 'short_title': 'MET'}","{'h': '1', 'a': '1'}","{'h': '1.60857', 'a': '0.252178'}",2019-08-11 16:00:00,"{'w': '0.766', 'd': '0.1916', 'l': '0.0424'}",2019,Ligue_1
12718,True,"{'id': '161', 'title': 'Paris Saint Germain', 'short_title': 'PSG'}","{'id': '235', 'title': 'Nimes', 'short_title': 'NIM'}","{'h': '3', 'a': '0'}","{'h': '3.61599', 'a': '0.305387'}",2019-08-11 20:00:00,"{'w': '0.9782', 'd': '0.0194', 'l': '0.0024'}",2019,Ligue_1
12719,True,"{'id': '178', 'title': 'Lyon', 'short_title': 'LYO'}","{'id': '167', 'title': 'Angers', 'short_title': 'ANG'}","{'h': '6', 'a': '0'}","{'h': '1.49515', 'a': '0.347737'}",2019-08-16 19:45:00,"{'w': '0.7215', 'd': '0.215', 'l': '0.0635'}",2019,Ligue_1
12720,True,"{'id': '168', 'title': 'Nantes', 'short_title': 'NAN'}","{'id': '164', 'title': 'Marseille', 'short_title': 'MAR'}","{'h': '0', 'a': '0'}","{'h': '0.333103', 'a': '1.34033'}",2019-08-17 16:30:00,"{'w': '0.058', 'd': '0.2235', 'l': '0.7185'}",2019,Ligue_1
12721,True,"{'id': '224', 'title': 'Amiens', 'short_title': 'AMI'}","{'id': '160', 'title': 'Lille', 'short_title': 'LIL'}","{'h': '1', 'a': '0'}","{'h': '1.07254', 'a': '0.293318'}",2019-08-17 19:00:00,"{'w': '0.6327', 'd': '0.2934', 'l': '0.0739'}",2019,Ligue_1
12722,True,"{'id': '176', 'title': 'Bordeaux', 'short_title': 'BOR'}","{'id': '166', 'title': 'Montpellier', 'short_title': 'MPL'}","{'h': '1', 'a': '1'}","{'h': '0.785876', 'a': '0.683431'}",2019-08-17 19:00:00,"{'w': '0.3363', 'd': '0.3704', 'l': '0.2933'}",2019,Ligue_1
12723,True,"{'id': '235', 'title': 'Nimes', 'short_title': 'NIM'}","{'id': '170', 'title': 'Nice', 'short_title': 'NIC'}","{'h': '1', 'a': '2'}","{'h': '1.26223', 'a': '2.00012'}",2019-08-17 19:00:00,"{'w': '0.1476', 'd': '0.2626', 'l': '0.5898'}",2019,Ligue_1
12724,True,"{'id': '180', 'title': 'Metz', 'short_title': 'MET'}","{'id': '171', 'title': 'Monaco', 'short_title': 'MON'}","{'h': '3', 'a': '0'}","{'h': '3.11223', 'a': '0.759639'}",2019-08-17 19:00:00,"{'w': '0.894', 'd': '0.0772', 'l': '0.0288'}",2019,Ligue_1
12725,True,"{'id': '174', 'title': 'Toulouse', 'short_title': 'TOU'}","{'id': '181', 'title': 'Dijon', 'short_title': 'DJN'}","{'h': '1', 'a': '0'}","{'h': '1.61998', 'a': '1.20997'}",2019-08-17 19:00:00,"{'w': '0.4733', 'd': '0.2621', 'l': '0.2646'}",2019,Ligue_1
12726,True,"{'id': '175', 'title': 'Saint-Etienne', 'short_title': 'SEN'}","{'id': '241', 'title': 'Brest', 'short_title': 'BRE'}","{'h': '1', 'a': '1'}","{'h': '2.21564', 'a': '0.501067'}",2019-08-18 14:00:00,"{'w': '0.8035', 'd': '0.1479', 'l': '0.0486'}",2019,Ligue_1
12727,True,"{'id': '177', 'title': 'Reims', 'short_title': 'REI'}","{'id': '225', 'title': 'Strasbourg', 'short_title': 'STR'}","{'h': '0', 'a': '0'}","{'h': '0.337739', 'a': '0.560077'}",2019-08-18 16:00:00,"{'w': '0.1655', 'd': '0.4741', 'l': '0.3604'}",2019,Ligue_1
12728,True,"{'id': '163', 'title': 'Rennes', 'short_title': 'REN'}","{'id': '161', 'title': 'Paris Saint Germain', 'short_title': 'PSG'}","{'h': '2', 'a': '1'}","{'h': '1.18588', 'a': '0.844939'}",2019-08-18 20:00:00,"{'w': '0.4448', 'd': '0.3133', 'l': '0.2419'}",2019,Ligue_1
12730,True,"{'id': '224', 'title': 'Amiens', 'short_title': 'AMI'}","{'id': '168', 'title': 'Nantes', 'short_title': 'NAN'}","{'h': '1', 'a': '2'}","{'h': '0.377125', 'a': '2.0807'}",2019-08-24 19:00:00,"{'w': '0.0319', 'd': '0.1386', 'l': '0.8295'}",2019,Ligue_1
12731,True,"{'id': '181', 'title': 'Dijon', 'short_title': 'DJN'}","{'id': '176', 'title': 'Bordeaux', 'short_title': 'BOR'}","{'h': '0', 'a': '2'}","{'h': '0.234901', 'a': '0.626181'}",2019-08-24 19:00:00,"{'w': '0.1191', 'd': '0.4808', 'l': '0.4001'}",2019,Ligue_1
12732,True,"{'id': '167', 'title': 'Angers', 'short_title': 'ANG'}","{'id': '180', 'title': 'Metz', 'short_title': 'MET'}","{'h': '3', 'a': '0'}","{'h': '2.10383', 'a': '0.147348'}",2019-08-24 19:00:00,"{'w': '0.8932', 'd': '0.0961', 'l': '0.0107'}",2019,Ligue_1
12738,True,"{'id': '241', 'title': 'Brest', 'short_title': 'BRE'}","{'id': '177', 'title': 'Reims', 'short_title': 'REI'}","{'h': '1', 'a': '0'}","{'h': '0.528162', 'a': '0.792044'}",2019-08-24 19:00:00,"{'w': '0.2169', 'd': '0.3879', 'l': '0.3952'}",2019,Ligue_1
12733,True,"{'id': '171', 'title': 'Monaco', 'short_title': 'MON'}","{'id': '235', 'title': 'Nimes', 'short_title': 'NIM'}","{'h': '2', 'a': '2'}","{'h': '2.40125', 'a': '2.24062'}",2019-08-25 14:00:00,"{'w': '0.4153', 'd': '0.2359', 'l': '0.3488'}",2019,Ligue_1
12737,True,"{'id': '225', 'title': 'Strasbourg', 'short_title': 'STR'}","{'id': '163', 'title': 'Rennes', 'short_title': 'REN'}","{'h': '0', 'a': '2'}","{'h': '1.62131', 'a': '0.496085'}",2019-08-25 16:00:00,"{'w': '0.7085', 'd': '0.2236', 'l': '0.0679'}",2019,Ligue_1
12729,True,"{'id': '161', 'title': 'Paris Saint Germain', 'short_title': 'PSG'}","{'id': '174', 'title': 'Toulouse', 'short_title': 'TOU'}","{'h': '4', 'a': '0'}","{'h': '4.70776', 'a': '0.699812'}",2019-08-25 20:00:00,"{'w': '0.986', 'd': '0.0121', 'l': '0.0019'}",2019,Ligue_1
12736,True,"{'id': '166', 'title': 'Montpellier', 'short_title': 'MPL'}","{'id': '178', 'title': 'Lyon', 'short_title': 'LYO'}","{'h': '1', 'a': '0'}","{'h': '1.89186', 'a': '1.04285'}",2019-08-27 18:00:00,"{'w': '0.6042', 'd': '0.2366', 'l': '0.1592'}",2019,Ligue_1
12735,True,"{'id': '160', 'title': 'Lille', 'short_title': 'LIL'}","{'id': '175', 'title': 'Saint-Etienne', 'short_title': 'SEN'}","{'h': '3', 'a': '0'}","{'h': '2.66328', 'a': '0.79996'}",2019-08-28 18:00:00,"{'w': '0.8211', 'd': '0.1269', 'l': '0.052'}",2019,Ligue_1
12734,True,"{'id': '170', 'title': 'Nice', 'short_title': 'NIC'}","{'id': '164', 'title': 'Marseille', 'short_title': 'MAR'}","{'h': '1', 'a': '2'}","{'h': '1.73926', 'a': '1.647'}",2019-08-28 20:00:00,"{'w': '0.3767', 'd': '0.306', 'l': '0.3173'}",2019,Ligue_1
12747,True,"{'id': '180', 'title': 'Metz', 'short_title': 'MET'}","{'id': '161', 'title': 'Paris Saint Germain', 'short_title': 'PSG'}","{'h': '0', 'a': '2'}","{'h': '0.360572', 'a': '2.01186'}",2019-08-30 19:45:00,"{'w': '0.0314', 'd': '0.1261', 'l': '0.8425'}",2019,Ligue_1
12744,True,"{'id': '178', 'title': 'Lyon', 'short_title': 'LYO'}","{'id': '176', 'title': 'Bordeaux', 'short_title': 'BOR'}","{'h': '1', 'a': '1'}","{'h': '1.00508', 'a': '0.962238'}",2019-08-31 16:30:00,"{'w': '0.355', 'd': '0.3309', 'l': '0.3141'}",2019,Ligue_1
12739,True,"{'id': '167', 'title': 'Angers', 'short_title': 'ANG'}","{'id': '181', 'title': 'Dijon', 'short_title': 'DJN'}","{'h': '2', 'a': '0'}","{'h': '1.41921', 'a': '0.736529'}",2019-08-31 18:00:00,"{'w': '0.566', 'd': '0.3658', 'l': '0.0682'}",2019,Ligue_1
12740,True,"{'id': '174', 'title': 'Toulouse', 'short_title': 'TOU'}","{'id': '224', 'title': 'Amiens', 'short_title': 'AMI'}","{'h': '2', 'a': '0'}","{'h': '1.28893', 'a': '0.27328'}",2019-08-31 18:00:00,"{'w': '0.6802', 'd': '0.2565', 'l': '0.0633'}",2019,Ligue_1
12743,True,"{'id': '168', 'title': 'Nantes', 'short_title': 'NAN'}","{'id': '166', 'title': 'Montpellier', 'short_title': 'MPL'}","{'h': '1', 'a': '0'}","{'h': '0.825226', 'a': '0.767321'}",2019-08-31 18:00:00,"{'w': '0.3351', 'd': '0.3645', 'l': '0.3004'}",2019,Ligue_1
12746,True,"{'id': '235', 'title': 'Nimes', 'short_title': 'NIM'}","{'id': '241', 'title': 'Brest', 'short_title': 'BRE'}","{'h': '3', 'a': '0'}","{'h': '2.334', 'a': '0.8598'}",2019-08-31 18:00:00,"{'w': '0.7406', 'd': '0.1678', 'l': '0.0916'}",2019,Ligue_1
12741,True,"{'id': '177', 'title': 'Reims', 'short_title': 'REI'}","{'id': '160', 'title': 'Lille', 'short_title': 'LIL'}","{'h': '2', 'a': '0'}","{'h': '2.00608', 'a': '1.66021'}",2019-09-01 14:00:00,"{'w': '0.4468', 'd': '0.3079', 'l': '0.2453'}",2019,Ligue_1
12742,True,"{'id': '163', 'title': 'Rennes', 'short_title': 'REN'}","{'id': '170', 'title': 'Nice', 'short_title': 'NIC'}","{'h': '1', 'a': '2'}","{'h': '0.592177', 'a': '1.68646'}",2019-09-01 14:00:00,"{'w': '0.0805', 'd': '0.2055', 'l': '0.714'}",2019,Ligue_1
12748,True,"{'id': '225', 'title': 'Strasbourg', 'short_title': 'STR'}","{'id': '171', 'title': 'Monaco', 'short_title': 'MON'}","{'h': '2', 'a': '2'}","{'h': '1.34345', 'a': '2.87671'}",2019-09-01 16:00:00,"{'w': '0.0781', 'd': '0.1603', 'l': '0.7616'}",2019,Ligue_1
12745,True,"{'id': '164', 'title': 'Marseille', 'short_title': 'MAR'}","{'id': '175', 'title': 'Saint-Etienne', 'short_title': 'SEN'}","{'h': '1', 'a': '0'}","{'h': '0.845557', 'a': '0.524356'}",2019-09-01 20:00:00,"{'w': '0.4244', 'd': '0.3741', 'l': '0.2015'}",2019,Ligue_1
12755,True,"{'id': '160', 'title': 'Lille', 'short_title': 'LIL'}","{'id': '167', 'title': 'Angers', 'short_title': 'ANG'}","{'h': '2', 'a': '1'}","{'h': '1.4409', 'a': '0.663848'}",2019-09-13 17:00:00,"{'w': '0.6031', 'd': '0.3272', 'l': '0.0697'}",2019,Ligue_1
12757,True,"{'id': '224', 'title': 'Amiens', 'short_title': 'AMI'}","{'id': '178', 'title': 'Lyon', 'short_title': 'LYO'}","{'h': '2', 'a': '2'}","{'h': '0.384927', 'a': '1.79736'}",2019-09-13 18:45:00,"{'w': '0.0546', 'd': '0.171', 'l': '0.7744'}",2019,Ligue_1
12758,True,"{'id': '161', 'title': 'Paris Saint Germain', 'short_title': 'PSG'}","{'id': '225', 'title': 'Strasbourg', 'short_title': 'STR'}","{'h': '1', 'a': '0'}","{'h': '0.839304', 'a': '0.561424'}",2019-09-14 15:30:00,"{'w': '0.3938', 'd': '0.3732', 'l': '0.233'}",2019,Ligue_1
12749,True,"{'id': '181', 'title': 'Dijon', 'short_title': 'DJN'}","{'id': '235', 'title': 'Nimes', 'short_title': 'NIM'}","{'h': '0', 'a': '0'}","{'h': '0.789744', 'a': '0.342108'}",2019-09-14 18:00:00,"{'w': '0.4471', 'd': '0.4162', 'l': '0.1367'}",2019,Ligue_1
12751,True,"{'id': '166', 'title': 'Montpellier', 'short_title': 'MPL'}","{'id': '170', 'title': 'Nice', 'short_title': 'NIC'}","{'h': '2', 'a': '1'}","{'h': '2.22081', 'a': '1.05478'}",2019-09-14 18:00:00,"{'w': '0.6939', 'd': '0.1949', 'l': '0.1112'}",2019,Ligue_1
12752,True,"{'id': '241', 'title': 'Brest', 'short_title': 'BRE'}","{'id': '163', 'title': 'Rennes', 'short_title': 'REN'}","{'h': '0', 'a': '0'}","{'h': '0.388148', 'a': '0.424593'}",2019-09-14 18:00:00,"{'w': '0.2291', 'd': '0.5144', 'l': '0.2565'}",2019,Ligue_1
12756,True,"{'id': '176', 'title': 'Bordeaux', 'short_title': 'BOR'}","{'id': '180', 'title': 'Metz', 'short_title': 'MET'}","{'h': '2', 'a': '0'}","{'h': '1.51518', 'a': '0.944742'}",2019-09-14 18:00:00,"{'w': '0.5188', 'd': '0.2657', 'l': '0.2155'}",2019,Ligue_1
12750,True,"{'id': '168', 'title': 'Nantes', 'short_title': 'NAN'}","{'id': '177', 'title': 'Reims', 'short_title': 'REI'}","{'h': '1', 'a': '0'}","{'h': '0.250307', 'a': '0.693027'}",2019-09-15 13:00:00,"{'w': '0.1167', 'd': '0.4433', 'l': '0.44'}",2019,Ligue_1
12754,True,"{'id': '175', 'title': 'Saint-Etienne', 'short_title': 'SEN'}","{'id': '174', 'title': 'Toulouse', 'short_title': 'TOU'}","{'h': '2', 'a': '2'}","{'h': '1.06769', 'a': '1.93338'}",2019-09-15 15:00:00,"{'w': '0.1386', 'd': '0.2396', 'l': '0.6218'}",2019,Ligue_1
12753,True,"{'id': '171', 'title': 'Monaco', 'short_title': 'MON'}","{'id': '164', 'title': 'Marseille', 'short_title': 'MAR'}","{'h': '3', 'a': '4'}","{'h': '2.47739', 'a': '1.73874'}",2019-09-15 19:00:00,"{'w': '0.5708', 'd': '0.2367', 'l': '0.1925'}",2019,Ligue_1
12763,True,"{'id': '225', 'title': 'Strasbourg', 'short_title': 'STR'}","{'id': '168', 'title': 'Nantes', 'short_title': 'NAN'}","{'h': '2', 'a': '1'}","{'h': '1.87224', 'a': '0.553506'}",2019-09-20 18:45:00,"{'w': '0.7618', 'd': '0.1754', 'l': '0.0628'}",2019,Ligue_1
12764,True,"{'id': '164', 'title': 'Marseille', 'short_title': 'MAR'}","{'id': '166', 'title': 'Montpellier', 'short_title': 'MPL'}","{'h': '1', 'a': '1'}","{'h': '1.08408', 'a': '0.10429'}",2019-09-21 15:30:00,"{'w': '0.6335', 'd': '0.3315', 'l': '0.035'}",2019,Ligue_1
12759,True,"{'id': '177', 'title': 'Reims', 'short_title': 'REI'}","{'id': '171', 'title': 'Monaco', 'short_title': 'MON'}","{'h': '0', 'a': '0'}","{'h': '1.35162', 'a': '0.718079'}",2019-09-21 18:00:00,"{'w': '0.5332', 'd': '0.2885', 'l': '0.1783'}",2019,Ligue_1
12760,True,"{'id': '180', 'title': 'Metz', 'short_title': 'MET'}","{'id': '224', 'title': 'Amiens', 'short_title': 'AMI'}","{'h': '1', 'a': '2'}","{'h': '1.47876', 'a': '1.64495'}",2019-09-21 18:00:00,"{'w': '0.3195', 'd': '0.2822', 'l': '0.3983'}",2019,Ligue_1
12762,True,"{'id': '176', 'title': 'Bordeaux', 'short_title': 'BOR'}","{'id': '241', 'title': 'Brest', 'short_title': 'BRE'}","{'h': '2', 'a': '2'}","{'h': '1.56441', 'a': '1.38448'}",2019-09-21 18:00:00,"{'w': '0.407', 'd': '0.2637', 'l': '0.3293'}",2019,Ligue_1
12765,True,"{'id': '235', 'title': 'Nimes', 'short_title': 'NIM'}","{'id': '174', 'title': 'Toulouse', 'short_title': 'TOU'}","{'h': '1', 'a': '0'}","{'h': '1.62783', 'a': '0.844257'}",2019-09-21 18:00:00,"{'w': '0.5671', 'd': '0.2595', 'l': '0.1734'}",2019,Ligue_1
12768,True,"{'id': '170', 'title': 'Nice', 'short_title': 'NIC'}","{'id': '181', 'title': 'Dijon', 'short_title': 'DJN'}","{'h': '2', 'a': '1'}","{'h': '1.08457', 'a': '1.10909'}",2019-09-21 18:00:00,"{'w': '0.3344', 'd': '0.3107', 'l': '0.3549'}",2019,Ligue_1
12767,True,"{'id': '163', 'title': 'Rennes', 'short_title': 'REN'}","{'id': '160', 'title': 'Lille', 'short_title': 'LIL'}","{'h': '1', 'a': '1'}","{'h': '0.645681', 'a': '1.10925'}",2019-09-22 13:00:00,"{'w': '0.1838', 'd': '0.3256', 'l': '0.4906'}",2019,Ligue_1
12766,True,"{'id': '167', 'title': 'Angers', 'short_title': 'ANG'}","{'id': '175', 'title': 'Saint-Etienne', 'short_title': 'SEN'}","{'h': '4', 'a': '1'}","{'h': '1.92745', 'a': '0.794221'}",2019-09-22 15:00:00,"{'w': '0.6617', 'd': '0.2231', 'l': '0.1152'}",2019,Ligue_1
12761,True,"{'id': '178', 'title': 'Lyon', 'short_title': 'LYO'}","{'id': '161', 'title': 'Paris Saint Germain', 'short_title': 'PSG'}","{'h': '0', 'a': '1'}","{'h': '0.373068', 'a': '1.25713'}",2019-09-22 19:00:00,"{'w': '0.104', 'd': '0.2902', 'l': '0.6058'}",2019,Ligue_1
12775,True,"{'id': '181', 'title': 'Dijon', 'short_title': 'DJN'}","{'id': '164', 'title': 'Marseille', 'short_title': 'MAR'}","{'h': '0', 'a': '0'}","{'h': '1.74443', 'a': '1.31656'}",2019-09-24 17:00:00,"{'w': '0.4723', 'd': '0.2611', 'l': '0.2666'}",2019,Ligue_1
12769,True,"{'id': '171', 'title': 'Monaco', 'short_title': 'MON'}","{'id': '170', 'title': 'Nice', 'short_title': 'NIC'}","{'h': '3', 'a': '1'}","{'h': '2.39963', 'a': '0.610006'}",2019-09-24 19:00:00,"{'w': '0.8169', 'd': '0.1312', 'l': '0.0519'}",2019,Ligue_1
12770,True,"{'id': '241', 'title': 'Brest', 'short_title': 'BRE'}","{'id': '178', 'title': 'Lyon', 'short_title': 'LYO'}","{'h': '2', 'a': '2'}","{'h': '0.507427', 'a': '1.12904'}",2019-09-25 17:00:00,"{'w': '0.1461', 'd': '0.303', 'l': '0.5509'}",2019,Ligue_1
12771,True,"{'id': '168', 'title': 'Nantes', 'short_title': 'NAN'}","{'id': '163', 'title': 'Rennes', 'short_title': 'REN'}","{'h': '1', 'a': '0'}","{'h': '1.42973', 'a': '1.05701'}",2019-09-25 17:00:00,"{'w': '0.4437', 'd': '0.3566', 'l': '0.1997'}",2019,Ligue_1
12773,True,"{'id': '175', 'title': 'Saint-Etienne', 'short_title': 'SEN'}","{'id': '180', 'title': 'Metz', 'short_title': 'MET'}","{'h': '0', 'a': '1'}","{'h': '0.810489', 'a': '0.532843'}",2019-09-25 17:00:00,"{'w': '0.3994', 'd': '0.3787', 'l': '0.2219'}",2019,Ligue_1
12774,True,"{'id': '166', 'title': 'Montpellier', 'short_title': 'MPL'}","{'id': '235', 'title': 'Nimes', 'short_title': 'NIM'}","{'h': '1', 'a': '0'}","{'h': '0.579923', 'a': '0.719947'}",2019-09-25 17:00:00,"{'w': '0.2493', 'd': '0.4011', 'l': '0.3496'}",2019,Ligue_1
12776,True,"{'id': '174', 'title': 'Toulouse', 'short_title': 'TOU'}","{'id': '167', 'title': 'Angers', 'short_title': 'ANG'}","{'h': '0', 'a': '2'}","{'h': '0.227476', 'a': '1.35732'}",2019-09-25 17:00:00,"{'w': '0.0547', 'd': '0.2427', 'l': '0.7026'}",2019,Ligue_1
12777,True,"{'id': '160', 'title': 'Lille', 'short_title': 'LIL'}","{'id': '225', 'title': 'Strasbourg', 'short_title': 'STR'}","{'h': '2', 'a': '0'}","{'h': '3.02158', 'a': '0.234977'}",2019-09-25 17:00:00,"{'w': '0.9595', 'd': '0.0343', 'l': '0.0062'}",2019,Ligue_1
12778,True,"{'id': '224', 'title': 'Amiens', 'short_title': 'AMI'}","{'id': '176', 'title': 'Bordeaux', 'short_title': 'BOR'}","{'h': '1', 'a': '3'}","{'h': '1.33067', 'a': '0.662691'}",2019-09-25 17:00:00,"{'w': '0.5836', 'd': '0.2787', 'l': '0.1377'}",2019,Ligue_1
12772,True,"{'id': '161', 'title': 'Paris Saint Germain', 'short_title': 'PSG'}","{'id': '177', 'title': 'Reims', 'short_title': 'REI'}","{'h': '0', 'a': '2'}","{'h': '0.530839', 'a': '1.17459'}",2019-09-25 19:00:00,"{'w': '0.152', 'd': '0.3002', 'l': '0.5478'}",2019,Ligue_1
12784,True,"{'id': '178', 'title': 'Lyon', 'short_title': 'LYO'}","{'id': '168', 'title': 'Nantes', 'short_title': 'NAN'}","{'h': '0', 'a': '1'}","{'h': '0.962876', 'a': '0.515732'}",2019-09-28 11:30:00,"{'w': '0.4618', 'd': '0.3537', 'l': '0.1845'}",2019,Ligue_1
12780,True,"{'id': '176', 'title': 'Bordeaux', 'short_title': 'BOR'}","{'id': '161', 'title': 'Paris Saint Germain', 'short_title': 'PSG'}","{'h': '0', 'a': '1'}","{'h': '0.104666', 'a': '2.83454'}",2019-09-28 15:30:00,"{'w': '0.0026', 'd': '0.033', 'l': '0.9644'}",2019,Ligue_1
12779,True,"{'id': '170', 'title': 'Nice', 'short_title': 'NIC'}","{'id': '160', 'title': 'Lille', 'short_title': 'LIL'}","{'h': '1', 'a': '1'}","{'h': '1.07057', 'a': '1.35573'}",2019-09-28 18:00:00,"{'w': '0.2705', 'd': '0.3008', 'l': '0.4287'}",2019,Ligue_1
12781,True,"{'id': '167', 'title': 'Angers', 'short_title': 'ANG'}","{'id': '224', 'title': 'Amiens', 'short_title': 'AMI'}","{'h': '1', 'a': '1'}","{'h': '0.903446', 'a': '1.0426'}",2019-09-28 18:00:00,"{'w': '0.2902', 'd': '0.3215', 'l': '0.3883'}",2019,Ligue_1
12782,True,"{'id': '171', 'title': 'Monaco', 'short_title': 'MON'}","{'id': '241', 'title': 'Brest', 'short_title': 'BRE'}","{'h': '4', 'a': '1'}","{'h': '3.77849', 'a': '0.395322'}",2019-09-28 18:00:00,"{'w': '0.9697', 'd': '0.026', 'l': '0.0043'}",2019,Ligue_1
12783,True,"{'id': '180', 'title': 'Metz', 'short_title': 'MET'}","{'id': '174', 'title': 'Toulouse', 'short_title': 'TOU'}","{'h': '2', 'a': '2'}","{'h': '1.52646', 'a': '0.82033'}",2019-09-28 18:00:00,"{'w': '0.5732', 'd': '0.2666', 'l': '0.1602'}",2019,Ligue_1
12788,True,"{'id': '177', 'title': 'Reims', 'short_title': 'REI'}","{'id': '181', 'title': 'Dijon', 'short_title': 'DJN'}","{'h': '1', 'a': '2'}","{'h': '0.784118', 'a': '1.41539'}",2019-09-28 18:00:00,"{'w': '0.1774', 'd': '0.2765', 'l': '0.5461'}",2019,Ligue_1
12785,True,"{'id': '225', 'title': 'Strasbourg', 'short_title': 'STR'}","{'id': '166', 'title': 'Montpellier', 'short_title': 'MPL'}","{'h': '1', 'a': '0'}","{'h': '0.390945', 'a': '1.28128'}",2019-09-29 13:00:00,"{'w': '0.0737', 'd': '0.2468', 'l': '0.6795'}",2019,Ligue_1
12787,True,"{'id': '235', 'title': 'Nimes', 'short_title': 'NIM'}","{'id': '175', 'title': 'Saint-Etienne', 'short_title': 'SEN'}","{'h': '0', 'a': '1'}","{'h': '1.71161', 'a': '0.856429'}",2019-09-29 15:00:00,"{'w': '0.5845', 'd': '0.2659', 'l': '0.1496'}",2019,Ligue_1
12786,True,"{'id': '164', 'title': 'Marseille', 'short_title': 'MAR'}","{'id': '163', 'title': 'Rennes', 'short_title': 'REN'}","{'h': '1', 'a': '1'}","{'h': '0.674547', 'a': '0.682156'}",2019-09-29 19:00:00,"{'w': '0.3062', 'd': '0.3944', 'l': '0.2994'}",2019,Ligue_1
12791,True,"{'id': '224', 'title': 'Amiens', 'short_title': 'AMI'}","{'id': '164', 'title': 'Marseille', 'short_title': 'MAR'}","{'h': '3', 'a': '1'}","{'h': '2.90722', 'a': '0.437853'}",2019-10-04 19:45:00,"{'w': '0.927', 'd': '0.0599', 'l': '0.0131'}",2019,Ligue_1
12794,True,"{'id': '161', 'title': 'Paris Saint Germain', 'short_title': 'PSG'}","{'id': '167', 'title': 'Angers', 'short_title': 'ANG'}","{'h': '4', 'a': '0'}","{'h': '3.35081', 'a': '0.488442'}",2019-10-05 16:30:00,"{'w': '0.9505', 'd': '0.0404', 'l': '0.0091'}",2019,Ligue_1
12790,True,"{'id': '181', 'title': 'Dijon', 'short_title': 'DJN'}","{'id': '225', 'title': 'Strasbourg', 'short_title': 'STR'}","{'h': '1', 'a': '0'}","{'h': '1.18723', 'a': '0.780588'}",2019-10-05 19:00:00,"{'w': '0.4793', 'd': '0.3137', 'l': '0.207'}",2019,Ligue_1
12792,True,"{'id': '166', 'title': 'Montpellier', 'short_title': 'MPL'}","{'id': '171', 'title': 'Monaco', 'short_title': 'MON'}","{'h': '3', 'a': '1'}","{'h': '2.74638', 'a': '1.36346'}",2019-10-05 19:00:00,"{'w': '0.7336', 'd': '0.1659', 'l': '0.1005'}",2019,Ligue_1
12795,True,"{'id': '174', 'title': 'Toulouse', 'short_title': 'TOU'}","{'id': '176', 'title': 'Bordeaux', 'short_title': 'BOR'}","{'h': '1', 'a': '3'}","{'h': '0.846031', 'a': '1.07992'}",2019-10-05 19:00:00,"{'w': '0.2593', 'd': '0.3252', 'l': '0.4155'}",2019,Ligue_1
12796,True,"{'id': '241', 'title': 'Brest', 'short_title': 'BRE'}","{'id': '180', 'title': 'Metz', 'short_title': 'MET'}","{'h': '2', 'a': '0'}","{'h': '1.09035', 'a': '0.537656'}",2019-10-05 19:00:00,"{'w': '0.5199', 'd': '0.3196', 'l': '0.1605'}",2019,Ligue_1
12798,True,"{'id': '168', 'title': 'Nantes', 'short_title': 'NAN'}","{'id': '170', 'title': 'Nice', 'short_title': 'NIC'}","{'h': '1', 'a': '0'}","{'h': '1.33771', 'a': '0.269194'}",2019-10-05 19:00:00,"{'w': '0.6987', 'd': '0.2405', 'l': '0.0608'}",2019,Ligue_1
12793,True,"{'id': '160', 'title': 'Lille', 'short_title': 'LIL'}","{'id': '235', 'title': 'Nimes', 'short_title': 'NIM'}","{'h': '2', 'a': '2'}","{'h': '2.57207', 'a': '1.76186'}",2019-10-06 14:00:00,"{'w': '0.5877', 'd': '0.2299', 'l': '0.1824'}",2019,Ligue_1
12789,True,"{'id': '163', 'title': 'Rennes', 'short_title': 'REN'}","{'id': '177', 'title': 'Reims', 'short_title': 'REI'}","{'h': '0', 'a': '1'}","{'h': '1.01154', 'a': '1.89057'}",2019-10-06 16:00:00,"{'w': '0.1768', 'd': '0.2157', 'l': '0.6075'}",2019,Ligue_1
12797,True,"{'id': '175', 'title': 'Saint-Etienne', 'short_title': 'SEN'}","{'id': '178', 'title': 'Lyon', 'short_title': 'LYO'}","{'h': '1', 'a': '0'}","{'h': '0.702101', 'a': '0.362585'}",2019-10-06 20:00:00,"{'w': '0.4066', 'd': '0.4317', 'l': '0.1617'}",2019,Ligue_1
12803,True,"{'id': '170', 'title': 'Nice', 'short_title': 'NIC'}","{'id': '161', 'title': 'Paris Saint Germain', 'short_title': 'PSG'}","{'h': '1', 'a': '4'}","{'h': '0.730506', 'a': '3.38134'}",2019-10-18 19:45:00,"{'w': '0.0135', 'd': '0.0536', 'l': '0.9329'}",2019,Ligue_1
12807,True,"{'id': '178', 'title': 'Lyon', 'short_title': 'LYO'}","{'id': '181', 'title': 'Dijon', 'short_title': 'DJN'}","{'h': '0', 'a': '0'}","{'h': '1.85901', 'a': '0.357988'}",2019-10-19 16:30:00,"{'w': '0.7703', 'd': '0.1744', 'l': '0.0553'}",2019,Ligue_1
12799,True,"{'id': '177', 'title': 'Reims', 'short_title': 'REI'}","{'id': '166', 'title': 'Montpellier', 'short_title': 'MPL'}","{'h': '1', 'a': '0'}","{'h': '0.925625', 'a': '0.594823'}",2019-10-19 19:00:00,"{'w': '0.4385', 'd': '0.3513', 'l': '0.2102'}",2019,Ligue_1
12800,True,"{'id': '167', 'title': 'Angers', 'short_title': 'ANG'}","{'id': '241', 'title': 'Brest', 'short_title': 'BRE'}","{'h': '0', 'a': '1'}","{'h': '1.49766', 'a': '0.240686'}",2019-10-19 19:00:00,"{'w': '0.7284', 'd': '0.2232', 'l': '0.0484'}",2019,Ligue_1
12801,True,"{'id': '180', 'title': 'Metz', 'short_title': 'MET'}","{'id': '168', 'title': 'Nantes', 'short_title': 'NAN'}","{'h': '1', 'a': '0'}","{'h': '0.766702', 'a': '0.428008'}",2019-10-19 19:00:00,"{'w': '0.4218', 'd': '0.4019', 'l': '0.1763'}",2019,Ligue_1
12802,True,"{'id': '174', 'title': 'Toulouse', 'short_title': 'TOU'}","{'id': '160', 'title': 'Lille', 'short_title': 'LIL'}","{'h': '2', 'a': '1'}","{'h': '2.6316', 'a': '0.717652'}",2019-10-19 19:00:00,"{'w': '0.8609', 'd': '0.1029', 'l': '0.0362'}",2019,Ligue_1
12805,True,"{'id': '235', 'title': 'Nimes', 'short_title': 'NIM'}","{'id': '224', 'title': 'Amiens', 'short_title': 'AMI'}","{'h': '1', 'a': '1'}","{'h': '0.317325', 'a': '0.941379'}",2019-10-19 19:00:00,"{'w': '0.113', 'd': '0.3725', 'l': '0.5145'}",2019,Ligue_1
12804,True,"{'id': '176', 'title': 'Bordeaux', 'short_title': 'BOR'}","{'id': '175', 'title': 'Saint-Etienne', 'short_title': 'SEN'}","{'h': '0', 'a': '1'}","{'h': '0.898813', 'a': '0.869056'}",2019-10-20 14:00:00,"{'w': '0.2906', 'd': '0.3944', 'l': '0.315'}",2019,Ligue_1
12808,True,"{'id': '171', 'title': 'Monaco', 'short_title': 'MON'}","{'id': '163', 'title': 'Rennes', 'short_title': 'REN'}","{'h': '3', 'a': '2'}","{'h': '1.72675', 'a': '1.32184'}",2019-10-20 16:00:00,"{'w': '0.4639', 'd': '0.3052', 'l': '0.2309'}",2019,Ligue_1
12806,True,"{'id': '164', 'title': 'Marseille', 'short_title': 'MAR'}","{'id': '225', 'title': 'Strasbourg', 'short_title': 'STR'}","{'h': '2', 'a': '0'}","{'h': '1.5975', 'a': '0.32374'}",2019-10-20 20:00:00,"{'w': '0.7838', 'd': '0.1761', 'l': '0.0401'}",2019,Ligue_1
12815,True,"{'id': '168', 'title': 'Nantes', 'short_title': 'NAN'}","{'id': '171', 'title': 'Monaco', 'short_title': 'MON'}","{'h': '0', 'a': '1'}","{'h': '1.46548', 'a': '0.904065'}",2019-10-25 19:45:00,"{'w': '0.5118', 'd': '0.3007', 'l': '0.1875'}",2019,Ligue_1
12818,True,"{'id': '160', 'title': 'Lille', 'short_title': 'LIL'}","{'id': '176', 'title': 'Bordeaux', 'short_title': 'BOR'}","{'h': '3', 'a': '0'}","{'h': '1.56674', 'a': '0.294002'}",2019-10-26 16:30:00,"{'w': '0.7756', 'd': '0.1861', 'l': '0.0383'}",2019,Ligue_1
12809,True,"{'id': '225', 'title': 'Strasbourg', 'short_title': 'STR'}","{'id': '170', 'title': 'Nice', 'short_title': 'NIC'}","{'h': '1', 'a': '0'}","{'h': '2.00977', 'a': '0.937597'}",2019-10-26 19:00:00,"{'w': '0.644', 'd': '0.222', 'l': '0.134'}",2019,Ligue_1
12812,True,"{'id': '241', 'title': 'Brest', 'short_title': 'BRE'}","{'id': '181', 'title': 'Dijon', 'short_title': 'DJN'}","{'h': '2', 'a': '0'}","{'h': '2.10109', 'a': '0.950504'}",2019-10-26 19:00:00,"{'w': '0.6847', 'd': '0.2013', 'l': '0.114'}",2019,Ligue_1
12813,True,"{'id': '178', 'title': 'Lyon', 'short_title': 'LYO'}","{'id': '180', 'title': 'Metz', 'short_title': 'MET'}","{'h': '2', 'a': '0'}","{'h': '1.93726', 'a': '0.548122'}",2019-10-26 19:00:00,"{'w': '0.7662', 'd': '0.1666', 'l': '0.0672'}",2019,Ligue_1
12816,True,"{'id': '177', 'title': 'Reims', 'short_title': 'REI'}","{'id': '235', 'title': 'Nimes', 'short_title': 'NIM'}","{'h': '0', 'a': '0'}","{'h': '0.327724', 'a': '0.409188'}",2019-10-26 19:00:00,"{'w': '0.1963', 'd': '0.5422', 'l': '0.2615'}",2019,Ligue_1
12817,True,"{'id': '166', 'title': 'Montpellier', 'short_title': 'MPL'}","{'id': '167', 'title': 'Angers', 'short_title': 'ANG'}","{'h': '0', 'a': '0'}","{'h': '0.854411', 'a': '1.09487'}",2019-10-26 19:00:00,"{'w': '0.2687', 'd': '0.3208', 'l': '0.4105'}",2019,Ligue_1
12810,True,"{'id': '163', 'title': 'Rennes', 'short_title': 'REN'}","{'id': '174', 'title': 'Toulouse', 'short_title': 'TOU'}","{'h': '3', 'a': '2'}","{'h': '2.20537', 'a': '0.98473'}",2019-10-27 14:00:00,"{'w': '0.6974', 'd': '0.1914', 'l': '0.1112'}",2019,Ligue_1
12811,True,"{'id': '175', 'title': 'Saint-Etienne', 'short_title': 'SEN'}","{'id': '224', 'title': 'Amiens', 'short_title': 'AMI'}","{'h': '2', 'a': '2'}","{'h': '0.615946', 'a': '2.00972'}",2019-10-27 16:00:00,"{'w': '0.0654', 'd': '0.1613', 'l': '0.7733'}",2019,Ligue_1
12814,True,"{'id': '161', 'title': 'Paris Saint Germain', 'short_title': 'PSG'}","{'id': '164', 'title': 'Marseille', 'short_title': 'MAR'}","{'h': '4', 'a': '0'}","{'h': '3.22926', 'a': '0.544773'}",2019-10-27 20:00:00,"{'w': '0.9526', 'd': '0.0383', 'l': '0.0091'}",2019,Ligue_1
12825,True,"{'id': '181', 'title': 'Dijon', 'short_title': 'DJN'}","{'id': '161', 'title': 'Paris Saint Germain', 'short_title': 'PSG'}","{'h': '2', 'a': '1'}","{'h': '0.822624', 'a': '3.04569'}",2019-11-01 19:45:00,"{'w': '0.0373', 'd': '0.1041', 'l': '0.8586'}",2019,Ligue_1
12821,True,"{'id': '164', 'title': 'Marseille', 'short_title': 'MAR'}","{'id': '160', 'title': 'Lille', 'short_title': 'LIL'}","{'h': '2', 'a': '1'}","{'h': '0.658517', 'a': '0.699055'}",2019-11-02 16:30:00,"{'w': '0.2783', 'd': '0.3945', 'l': '0.3272'}",2019,Ligue_1
12823,True,"{'id': '180', 'title': 'Metz', 'short_title': 'MET'}","{'id': '166', 'title': 'Montpellier', 'short_title': 'MPL'}","{'h': '2', 'a': '2'}","{'h': '1.14215', 'a': '0.657443'}",2019-11-02 19:00:00,"{'w': '0.4965', 'd': '0.3225', 'l': '0.181'}",2019,Ligue_1
12824,True,"{'id': '174', 'title': 'Toulouse', 'short_title': 'TOU'}","{'id': '178', 'title': 'Lyon', 'short_title': 'LYO'}","{'h': '2', 'a': '3'}","{'h': '1.36655', 'a': '1.62692'}",2019-11-02 19:00:00,"{'w': '0.3144', 'd': '0.2586', 'l': '0.427'}",2019,Ligue_1
12826,True,"{'id': '167', 'title': 'Angers', 'short_title': 'ANG'}","{'id': '225', 'title': 'Strasbourg', 'short_title': 'STR'}","{'h': '1', 'a': '0'}","{'h': '0.985715', 'a': '1.37295'}",2019-11-02 19:00:00,"{'w': '0.2007', 'd': '0.3432', 'l': '0.4561'}",2019,Ligue_1
12827,True,"{'id': '224', 'title': 'Amiens', 'short_title': 'AMI'}","{'id': '241', 'title': 'Brest', 'short_title': 'BRE'}","{'h': '1', 'a': '0'}","{'h': '1.37004', 'a': '0.734059'}",2019-11-02 19:00:00,"{'w': '0.5775', 'd': '0.2759', 'l': '0.1466'}",2019,Ligue_1
12819,True,"{'id': '176', 'title': 'Bordeaux', 'short_title': 'BOR'}","{'id': '168', 'title': 'Nantes', 'short_title': 'NAN'}","{'h': '2', 'a': '0'}","{'h': '0.828927', 'a': '0.792992'}",2019-11-03 14:00:00,"{'w': '0.34', 'd': '0.3541', 'l': '0.3059'}",2019,Ligue_1
12828,True,"{'id': '170', 'title': 'Nice', 'short_title': 'NIC'}","{'id': '177', 'title': 'Reims', 'short_title': 'REI'}","{'h': '2', 'a': '0'}","{'h': '0.694457', 'a': '0.732323'}",2019-11-03 16:00:00,"{'w': '0.2943', 'd': '0.3805', 'l': '0.3252'}",2019,Ligue_1
12822,True,"{'id': '175', 'title': 'Saint-Etienne', 'short_title': 'SEN'}","{'id': '171', 'title': 'Monaco', 'short_title': 'MON'}","{'h': '1', 'a': '0'}","{'h': '1.51447', 'a': '1.15385'}",2019-11-03 20:00:00,"{'w': '0.4615', 'd': '0.2979', 'l': '0.2406'}",2019,Ligue_1
12831,True,"{'id': '170', 'title': 'Nice', 'short_title': 'NIC'}","{'id': '176', 'title': 'Bordeaux', 'short_title': 'BOR'}","{'h': '1', 'a': '1'}","{'h': '1.55472', 'a': '1.73733'}",2019-11-08 19:45:00,"{'w': '0.2963', 'd': '0.2992', 'l': '0.4045'}",2019,Ligue_1
12835,True,"{'id': '241', 'title': 'Brest', 'short_title': 'BRE'}","{'id': '161', 'title': 'Paris Saint Germain', 'short_title': 'PSG'}","{'h': '1', 'a': '2'}","{'h': '1.13488', 'a': '2.54466'}",2019-11-09 16:30:00,"{'w': '0.1104', 'd': '0.1707', 'l': '0.7189'}",2019,Ligue_1
12832,True,"{'id': '171', 'title': 'Monaco', 'short_title': 'MON'}","{'id': '181', 'title': 'Dijon', 'short_title': 'DJN'}","{'h': '1', 'a': '0'}","{'h': '2.01244', 'a': '1.22663'}",2019-11-09 19:00:00,"{'w': '0.5673', 'd': '0.2229', 'l': '0.2098'}",2019,Ligue_1
12834,True,"{'id': '160', 'title': 'Lille', 'short_title': 'LIL'}","{'id': '180', 'title': 'Metz', 'short_title': 'MET'}","{'h': '0', 'a': '0'}","{'h': '1.65806', 'a': '0.13875'}",2019-11-09 19:00:00,"{'w': '0.8105', 'd': '0.1678', 'l': '0.0217'}",2019,Ligue_1
12836,True,"{'id': '177', 'title': 'Reims', 'short_title': 'REI'}","{'id': '167', 'title': 'Angers', 'short_title': 'ANG'}","{'h': '0', 'a': '0'}","{'h': '0.450165', 'a': '0.676515'}",2019-11-09 19:00:00,"{'w': '0.2093', 'd': '0.4293', 'l': '0.3614'}",2019,Ligue_1
12837,True,"{'id': '225', 'title': 'Strasbourg', 'short_title': 'STR'}","{'id': '235', 'title': 'Nimes', 'short_title': 'NIM'}","{'h': '4', 'a': '1'}","{'h': '3.34398', 'a': '0.728859'}",2019-11-09 19:00:00,"{'w': '0.9083', 'd': '0.0669', 'l': '0.0248'}",2019,Ligue_1
12833,True,"{'id': '163', 'title': 'Rennes', 'short_title': 'REN'}","{'id': '224', 'title': 'Amiens', 'short_title': 'AMI'}","{'h': '3', 'a': '1'}","{'h': '3.40531', 'a': '0.473376'}",2019-11-10 14:00:00,"{'w': '0.967', 'd': '0.028', 'l': '0.005'}",2019,Ligue_1
12830,True,"{'id': '166', 'title': 'Montpellier', 'short_title': 'MPL'}","{'id': '174', 'title': 'Toulouse', 'short_title': 'TOU'}","{'h': '3', 'a': '0'}","{'h': '1.42044', 'a': '0.251798'}",2019-11-10 16:00:00,"{'w': '0.7917', 'd': '0.1754', 'l': '0.0329'}",2019,Ligue_1
12838,True,"{'id': '168', 'title': 'Nantes', 'short_title': 'NAN'}","{'id': '175', 'title': 'Saint-Etienne', 'short_title': 'SEN'}","{'h': '2', 'a': '3'}","{'h': '0.932768', 'a': '0.853131'}",2019-11-10 16:00:00,"{'w': '0.3588', 'd': '0.342', 'l': '0.2992'}",2019,Ligue_1
12829,True,"{'id': '164', 'title': 'Marseille', 'short_title': 'MAR'}","{'id': '178', 'title': 'Lyon', 'short_title': 'LYO'}","{'h': '2', 'a': '1'}","{'h': '1.16011', 'a': '1.09866'}",2019-11-10 20:00:00,"{'w': '0.3472', 'd': '0.3624', 'l': '0.2904'}",2019,Ligue_1
12840,True,"{'id': '161', 'title': 'Paris Saint Germain', 'short_title': 'PSG'}","{'id': '160', 'title': 'Lille', 'short_title': 'LIL'}","{'h': '2', 'a': '0'}","{'h': '2.68119', 'a': '0.747212'}",2019-11-22 19:45:00,"{'w': '0.8314', 'd': '0.1174', 'l': '0.0512'}",2019,Ligue_1
12841,True,"{'id': '178', 'title': 'Lyon', 'short_title': 'LYO'}","{'id': '170', 'title': 'Nice', 'short_title': 'NIC'}","{'h': '2', 'a': '1'}","{'h': '1.17252', 'a': '2.32432'}",2019-11-23 16:30:00,"{'w': '0.1239', 'd': '0.2164', 'l': '0.6597'}",2019,Ligue_1
12842,True,"{'id': '241', 'title': 'Brest', 'short_title': 'BRE'}","{'id': '168', 'title': 'Nantes', 'short_title': 'NAN'}","{'h': '1', 'a': '1'}","{'h': '0.565279', 'a': '1.50416'}",2019-11-23 19:00:00,"{'w': '0.0962', 'd': '0.2357', 'l': '0.6681'}",2019,Ligue_1
12844,True,"{'id': '180', 'title': 'Metz', 'short_title': 'MET'}","{'id': '177', 'title': 'Reims', 'short_title': 'REI'}","{'h': '1', 'a': '1'}","{'h': '0.904274', 'a': '1.53329'}",2019-11-23 19:00:00,"{'w': '0.1635', 'd': '0.3031', 'l': '0.5334'}",2019,Ligue_1
12846,True,"{'id': '224', 'title': 'Amiens', 'short_title': 'AMI'}","{'id': '225', 'title': 'Strasbourg', 'short_title': 'STR'}","{'h': '0', 'a': '4'}","{'h': '0.205703', 'a': '2.67166'}",2019-11-23 19:00:00,"{'w': '0.003', 'd': '0.0301', 'l': '0.9669'}",2019,Ligue_1
12847,True,"{'id': '167', 'title': 'Angers', 'short_title': 'ANG'}","{'id': '235', 'title': 'Nimes', 'short_title': 'NIM'}","{'h': '1', 'a': '0'}","{'h': '1.13196', 'a': '0.569399'}",2019-11-23 19:00:00,"{'w': '0.504', 'd': '0.3151', 'l': '0.1809'}",2019,Ligue_1
12848,True,"{'id': '181', 'title': 'Dijon', 'short_title': 'DJN'}","{'id': '163', 'title': 'Rennes', 'short_title': 'REN'}","{'h': '2', 'a': '1'}","{'h': '0.614922', 'a': '0.672553'}",2019-11-23 19:00:00,"{'w': '0.281', 'd': '0.3939', 'l': '0.3251'}",2019,Ligue_1
12843,True,"{'id': '176', 'title': 'Bordeaux', 'short_title': 'BOR'}","{'id': '171', 'title': 'Monaco', 'short_title': 'MON'}","{'h': '2', 'a': '1'}","{'h': '1.4834', 'a': '1.43367'}",2019-11-24 14:00:00,"{'w': '0.3737', 'd': '0.2852', 'l': '0.3411'}",2019,Ligue_1
12845,True,"{'id': '175', 'title': 'Saint-Etienne', 'short_title': 'SEN'}","{'id': '166', 'title': 'Montpellier', 'short_title': 'MPL'}","{'h': '0', 'a': '0'}","{'h': '0.482393', 'a': '1.33816'}",2019-11-24 16:00:00,"{'w': '0.104', 'd': '0.2574', 'l': '0.6386'}",2019,Ligue_1
12839,True,"{'id': '174', 'title': 'Toulouse', 'short_title': 'TOU'}","{'id': '164', 'title': 'Marseille', 'short_title': 'MAR'}","{'h': '0', 'a': '2'}","{'h': '0.896004', 'a': '1.96185'}",2019-11-24 20:00:00,"{'w': '0.0982', 'd': '0.2238', 'l': '0.678'}",2019,Ligue_1
12855,True,"{'id': '164', 'title': 'Marseille', 'short_title': 'MAR'}","{'id': '241', 'title': 'Brest', 'short_title': 'BRE'}","{'h': '2', 'a': '1'}","{'h': '4.52731', 'a': '0.692625'}",2019-11-29 19:00:00,"{'w': '0.9684', 'd': '0.0255', 'l': '0.0061'}",2019,Ligue_1
12849,True,"{'id': '225', 'title': 'Strasbourg', 'short_title': 'STR'}","{'id': '178', 'title': 'Lyon', 'short_title': 'LYO'}","{'h': '1', 'a': '2'}","{'h': '0.422943', 'a': '0.819941'}",2019-11-30 17:00:00,"{'w': '0.1609', 'd': '0.3861', 'l': '0.453'}",2019,Ligue_1
12850,True,"{'id': '177', 'title': 'Reims', 'short_title': 'REI'}","{'id': '176', 'title': 'Bordeaux', 'short_title': 'BOR'}","{'h': '1', 'a': '1'}","{'h': '1.16235', 'a': '0.214619'}",2019-11-30 19:00:00,"{'w': '0.664', 'd': '0.2818', 'l': '0.0542'}",2019,Ligue_1
12852,True,"{'id': '235', 'title': 'Nimes', 'short_title': 'NIM'}","{'id': '180', 'title': 'Metz', 'short_title': 'MET'}","{'h': '1', 'a': '1'}","{'h': '0.467733', 'a': '0.605779'}",2019-11-30 19:00:00,"{'w': '0.2312', 'd': '0.4426', 'l': '0.3262'}",2019,Ligue_1
12856,True,"{'id': '166', 'title': 'Montpellier', 'short_title': 'MPL'}","{'id': '224', 'title': 'Amiens', 'short_title': 'AMI'}","{'h': '4', 'a': '2'}","{'h': '1.35194', 'a': '0.989696'}",2019-11-30 19:00:00,"{'w': '0.4402', 'd': '0.3053', 'l': '0.2545'}",2019,Ligue_1
12857,True,"{'id': '160', 'title': 'Lille', 'short_title': 'LIL'}","{'id': '181', 'title': 'Dijon', 'short_title': 'DJN'}","{'h': '1', 'a': '0'}","{'h': '1.7125', 'a': '0.640066'}",2019-11-30 19:00:00,"{'w': '0.6791', 'd': '0.2288', 'l': '0.0921'}",2019,Ligue_1
12858,True,"{'id': '170', 'title': 'Nice', 'short_title': 'NIC'}","{'id': '167', 'title': 'Angers', 'short_title': 'ANG'}","{'h': '3', 'a': '1'}","{'h': '1.11018', 'a': '0.389705'}",2019-11-30 19:00:00,"{'w': '0.552', 'd': '0.3301', 'l': '0.1179'}",2019,Ligue_1
12853,True,"{'id': '168', 'title': 'Nantes', 'short_title': 'NAN'}","{'id': '174', 'title': 'Toulouse', 'short_title': 'TOU'}","{'h': '2', 'a': '1'}","{'h': '2.87667', 'a': '1.01185'}",2019-12-01 14:00:00,"{'w': '0.839', 'd': '0.1253', 'l': '0.0357'}",2019,Ligue_1
12854,True,"{'id': '163', 'title': 'Rennes', 'short_title': 'REN'}","{'id': '175', 'title': 'Saint-Etienne', 'short_title': 'SEN'}","{'h': '2', 'a': '1'}","{'h': '1.48946', 'a': '0.681836'}",2019-12-01 16:00:00,"{'w': '0.5868', 'd': '0.2908', 'l': '0.1224'}",2019,Ligue_1
12860,True,"{'id': '176', 'title': 'Bordeaux', 'short_title': 'BOR'}","{'id': '235', 'title': 'Nimes', 'short_title': 'NIM'}","{'h': '6', 'a': '0'}","{'h': '2.0996', 'a': '0.192769'}",2019-12-03 18:00:00,"{'w': '0.8751', 'd': '0.106', 'l': '0.0189'}",2019,Ligue_1
12865,True,"{'id': '167', 'title': 'Angers', 'short_title': 'ANG'}","{'id': '164', 'title': 'Marseille', 'short_title': 'MAR'}","{'h': '0', 'a': '2'}","{'h': '0.782831', 'a': '2.09565'}",2019-12-03 18:00:00,"{'w': '0.0719', 'd': '0.1867', 'l': '0.7414'}",2019,Ligue_1
12866,True,"{'id': '241', 'title': 'Brest', 'short_title': 'BRE'}","{'id': '225', 'title': 'Strasbourg', 'short_title': 'STR'}","{'h': '5', 'a': '0'}","{'h': '2.23505', 'a': '0.775747'}",2019-12-03 18:00:00,"{'w': '0.7715', 'd': '0.1674', 'l': '0.0611'}",2019,Ligue_1
12864,True,"{'id': '178', 'title': 'Lyon', 'short_title': 'LYO'}","{'id': '160', 'title': 'Lille', 'short_title': 'LIL'}","{'h': '0', 'a': '1'}","{'h': '0.586122', 'a': '0.965168'}",2019-12-03 20:05:00,"{'w': '0.2059', 'd': '0.3381', 'l': '0.456'}",2019,Ligue_1
12861,True,"{'id': '175', 'title': 'Saint-Etienne', 'short_title': 'SEN'}","{'id': '170', 'title': 'Nice', 'short_title': 'NIC'}","{'h': '4', 'a': '1'}","{'h': '3.1578', 'a': '1.41787'}",2019-12-04 18:00:00,"{'w': '0.7845', 'd': '0.1363', 'l': '0.0792'}",2019,Ligue_1
12862,True,"{'id': '181', 'title': 'Dijon', 'short_title': 'DJN'}","{'id': '166', 'title': 'Montpellier', 'short_title': 'MPL'}","{'h': '2', 'a': '2'}","{'h': '1.29978', 'a': '1.27691'}",2019-12-04 18:00:00,"{'w': '0.3673', 'd': '0.2827', 'l': '0.35'}",2019,Ligue_1
12867,True,"{'id': '174', 'title': 'Toulouse', 'short_title': 'TOU'}","{'id': '171', 'title': 'Monaco', 'short_title': 'MON'}","{'h': '1', 'a': '2'}","{'h': '1.59548', 'a': '3.56341'}",2019-12-04 18:00:00,"{'w': '0.065', 'd': '0.1228', 'l': '0.8122'}",2019,Ligue_1
12868,True,"{'id': '180', 'title': 'Metz', 'short_title': 'MET'}","{'id': '163', 'title': 'Rennes', 'short_title': 'REN'}","{'h': '0', 'a': '1'}","{'h': '0.732116', 'a': '1.13014'}",2019-12-04 18:00:00,"{'w': '0.2098', 'd': '0.3125', 'l': '0.4777'}",2019,Ligue_1
12859,True,"{'id': '161', 'title': 'Paris Saint Germain', 'short_title': 'PSG'}","{'id': '168', 'title': 'Nantes', 'short_title': 'NAN'}","{'h': '2', 'a': '0'}","{'h': '2.04225', 'a': '0.471802'}",2019-12-04 20:05:00,"{'w': '0.817', 'd': '0.1403', 'l': '0.0427'}",2019,Ligue_1
12878,True,"{'id': '160', 'title': 'Lille', 'short_title': 'LIL'}","{'id': '241', 'title': 'Brest', 'short_title': 'BRE'}","{'h': '1', 'a': '0'}","{'h': '2.53737', 'a': '0.261931'}",2019-12-06 18:00:00,"{'w': '0.9385', 'd': '0.0545', 'l': '0.007'}",2019,Ligue_1
12869,True,"{'id': '235', 'title': 'Nimes', 'short_title': 'NIM'}","{'id': '178', 'title': 'Lyon', 'short_title': 'LYO'}","{'h': '0', 'a': '4'}","{'h': '0.455948', 'a': '2.68047'}",2019-12-06 19:45:00,"{'w': '0.0139', 'd': '0.0761', 'l': '0.91'}",2019,Ligue_1
12871,True,"{'id': '166', 'title': 'Montpellier', 'short_title': 'MPL'}","{'id': '161', 'title': 'Paris Saint Germain', 'short_title': 'PSG'}","{'h': '1', 'a': '3'}","{'h': '0.447142', 'a': '0.782463'}",2019-12-07 16:30:00,"{'w': '0.193', 'd': '0.4033', 'l': '0.4037'}",2019,Ligue_1
12870,True,"{'id': '170', 'title': 'Nice', 'short_title': 'NIC'}","{'id': '180', 'title': 'Metz', 'short_title': 'MET'}","{'h': '4', 'a': '1'}","{'h': '1.51971', 'a': '0.938924'}",2019-12-07 19:00:00,"{'w': '0.5291', 'd': '0.2806', 'l': '0.1903'}",2019,Ligue_1
12872,True,"{'id': '163', 'title': 'Rennes', 'short_title': 'REN'}","{'id': '167', 'title': 'Angers', 'short_title': 'ANG'}","{'h': '2', 'a': '1'}","{'h': '1.28615', 'a': '0.929726'}",2019-12-07 19:00:00,"{'w': '0.4412', 'd': '0.3337', 'l': '0.2251'}",2019,Ligue_1
12875,True,"{'id': '225', 'title': 'Strasbourg', 'short_title': 'STR'}","{'id': '174', 'title': 'Toulouse', 'short_title': 'TOU'}","{'h': '4', 'a': '2'}","{'h': '2.82508', 'a': '2.12038'}",2019-12-07 19:00:00,"{'w': '0.5449', 'd': '0.2119', 'l': '0.2432'}",2019,Ligue_1
12877,True,"{'id': '171', 'title': 'Monaco', 'short_title': 'MON'}","{'id': '224', 'title': 'Amiens', 'short_title': 'AMI'}","{'h': '3', 'a': '0'}","{'h': '2.64526', 'a': '0.501323'}",2019-12-07 19:00:00,"{'w': '0.8751', 'd': '0.0977', 'l': '0.0272'}",2019,Ligue_1
12873,True,"{'id': '177', 'title': 'Reims', 'short_title': 'REI'}","{'id': '175', 'title': 'Saint-Etienne', 'short_title': 'SEN'}","{'h': '3', 'a': '1'}","{'h': '1.25893', 'a': '0.511321'}",2019-12-08 14:00:00,"{'w': '0.5968', 'd': '0.2843', 'l': '0.1189'}",2019,Ligue_1
12874,True,"{'id': '168', 'title': 'Nantes', 'short_title': 'NAN'}","{'id': '181', 'title': 'Dijon', 'short_title': 'DJN'}","{'h': '1', 'a': '0'}","{'h': '0.982949', 'a': '0.641251'}",2019-12-08 16:00:00,"{'w': '0.4214', 'd': '0.3505', 'l': '0.2281'}",2019,Ligue_1
12876,True,"{'id': '164', 'title': 'Marseille', 'short_title': 'MAR'}","{'id': '176', 'title': 'Bordeaux', 'short_title': 'BOR'}","{'h': '3', 'a': '1'}","{'h': '2.04801', 'a': '0.15818'}",2019-12-08 20:00:00,"{'w': '0.8733', 'd': '0.1137', 'l': '0.013'}",2019,Ligue_1
12885,True,"{'id': '160', 'title': 'Lille', 'short_title': 'LIL'}","{'id': '166', 'title': 'Montpellier', 'short_title': 'MPL'}","{'h': '2', 'a': '1'}","{'h': '1.93087', 'a': '1.53329'}",2019-12-13 19:45:00,"{'w': '0.4675', 'd': '0.319', 'l': '0.2135'}",2019,Ligue_1
12886,True,"{'id': '180', 'title': 'Metz', 'short_title': 'MET'}","{'id': '164', 'title': 'Marseille', 'short_title': 'MAR'}","{'h': '1', 'a': '1'}","{'h': '1.01835', 'a': '1.69227'}",2019-12-14 16:30:00,"{'w': '0.1807', 'd': '0.2868', 'l': '0.5325'}",2019,Ligue_1
12879,True,"{'id': '235', 'title': 'Nimes', 'short_title': 'NIM'}","{'id': '168', 'title': 'Nantes', 'short_title': 'NAN'}","{'h': '0', 'a': '1'}","{'h': '0.848701', 'a': '1.31851'}",2019-12-14 19:00:00,"{'w': '0.2144', 'd': '0.2959', 'l': '0.4897'}",2019,Ligue_1
12882,True,"{'id': '167', 'title': 'Angers', 'short_title': 'ANG'}","{'id': '171', 'title': 'Monaco', 'short_title': 'MON'}","{'h': '0', 'a': '0'}","{'h': '0.870077', 'a': '0.383769'}",2019-12-14 19:00:00,"{'w': '0.4661', 'd': '0.3768', 'l': '0.1571'}",2019,Ligue_1
12884,True,"{'id': '174', 'title': 'Toulouse', 'short_title': 'TOU'}","{'id': '177', 'title': 'Reims', 'short_title': 'REI'}","{'h': '0', 'a': '1'}","{'h': '0.669088', 'a': '1.44219'}",2019-12-14 19:00:00,"{'w': '0.1464', 'd': '0.2781', 'l': '0.5755'}",2019,Ligue_1
12887,True,"{'id': '224', 'title': 'Amiens', 'short_title': 'AMI'}","{'id': '181', 'title': 'Dijon', 'short_title': 'DJN'}","{'h': '1', 'a': '1'}","{'h': '0.28916', 'a': '0.640617'}",2019-12-14 19:00:00,"{'w': '0.1415', 'd': '0.4511', 'l': '0.4074'}",2019,Ligue_1
12888,True,"{'id': '241', 'title': 'Brest', 'short_title': 'BRE'}","{'id': '170', 'title': 'Nice', 'short_title': 'NIC'}","{'h': '0', 'a': '0'}","{'h': '2.53255', 'a': '1.13522'}",2019-12-14 19:00:00,"{'w': '0.7317', 'd': '0.1643', 'l': '0.104'}",2019,Ligue_1
12883,True,"{'id': '176', 'title': 'Bordeaux', 'short_title': 'BOR'}","{'id': '225', 'title': 'Strasbourg', 'short_title': 'STR'}","{'h': '0', 'a': '1'}","{'h': '1.28592', 'a': '0.527336'}",2019-12-15 14:00:00,"{'w': '0.592', 'd': '0.2879', 'l': '0.1201'}",2019,Ligue_1
12881,True,"{'id': '178', 'title': 'Lyon', 'short_title': 'LYO'}","{'id': '163', 'title': 'Rennes', 'short_title': 'REN'}","{'h': '0', 'a': '1'}","{'h': '0.529236', 'a': '0.939364'}",2019-12-15 16:00:00,"{'w': '0.1962', 'd': '0.3642', 'l': '0.4396'}",2019,Ligue_1
12880,True,"{'id': '175', 'title': 'Saint-Etienne', 'short_title': 'SEN'}","{'id': '161', 'title': 'Paris Saint Germain', 'short_title': 'PSG'}","{'h': '0', 'a': '4'}","{'h': '0.96128', 'a': '3.60638'}",2019-12-15 20:00:00,"{'w': '0.0259', 'd': '0.0734', 'l': '0.9007'}",2019,Ligue_1
12889,True,"{'id': '166', 'title': 'Montpellier', 'short_title': 'MPL'}","{'id': '241', 'title': 'Brest', 'short_title': 'BRE'}","{'h': '4', 'a': '0'}","{'h': '2.2249', 'a': '0.751773'}",2019-12-21 19:45:00,"{'w': '0.7556', 'd': '0.1644', 'l': '0.08'}",2019,Ligue_1
12890,True,"{'id': '181', 'title': 'Dijon', 'short_title': 'DJN'}","{'id': '180', 'title': 'Metz', 'short_title': 'MET'}","{'h': '2', 'a': '2'}","{'h': '1.08941', 'a': '1.25101'}",2019-12-21 19:45:00,"{'w': '0.2949', 'd': '0.2937', 'l': '0.4114'}",2019,Ligue_1
12891,True,"{'id': '163', 'title': 'Rennes', 'short_title': 'REN'}","{'id': '176', 'title': 'Bordeaux', 'short_title': 'BOR'}","{'h': '1', 'a': '0'}","{'h': '1.07897', 'a': '0.540713'}",2019-12-21 19:45:00,"{'w': '0.5136', 'd': '0.3205', 'l': '0.1659'}",2019,Ligue_1
12892,True,"{'id': '225', 'title': 'Strasbourg', 'short_title': 'STR'}","{'id': '175', 'title': 'Saint-Etienne', 'short_title': 'SEN'}","{'h': '2', 'a': '1'}","{'h': '0.501404', 'a': '1.46101'}",2019-12-21 19:45:00,"{'w': '0.0738', 'd': '0.2437', 'l': '0.6825'}",2019,Ligue_1
12893,True,"{'id': '171', 'title': 'Monaco', 'short_title': 'MON'}","{'id': '160', 'title': 'Lille', 'short_title': 'LIL'}","{'h': '5', 'a': '1'}","{'h': '3.5594', 'a': '0.64901'}",2019-12-21 19:45:00,"{'w': '0.9591', 'd': '0.0329', 'l': '0.008'}",2019,Ligue_1
12894,True,"{'id': '177', 'title': 'Reims', 'short_title': 'REI'}","{'id': '178', 'title': 'Lyon', 'short_title': 'LYO'}","{'h': '1', 'a': '1'}","{'h': '1.22724', 'a': '1.59355'}",2019-12-21 19:45:00,"{'w': '0.2215', 'd': '0.3247', 'l': '0.4538'}",2019,Ligue_1
12895,True,"{'id': '168', 'title': 'Nantes', 'short_title': 'NAN'}","{'id': '167', 'title': 'Angers', 'short_title': 'ANG'}","{'h': '1', 'a': '2'}","{'h': '0.280352', 'a': '1.07283'}",2019-12-21 19:45:00,"{'w': '0.091', 'd': '0.3186', 'l': '0.5904'}",2019,Ligue_1
12896,True,"{'id': '170', 'title': 'Nice', 'short_title': 'NIC'}","{'id': '174', 'title': 'Toulouse', 'short_title': 'TOU'}","{'h': '3', 'a': '0'}","{'h': '1.91838', 'a': '0.342703'}",2019-12-21 19:45:00,"{'w': '0.8372', 'd': '0.1305', 'l': '0.0323'}",2019,Ligue_1
12897,True,"{'id': '161', 'title': 'Paris Saint Germain', 'short_title': 'PSG'}","{'id': '224', 'title': 'Amiens', 'short_title': 'AMI'}","{'h': '4', 'a': '1'}","{'h': '4.8635', 'a': '0.350562'}",2019-12-21 19:45:00,"{'w': '0.9918', 'd': '0.0068', 'l': '0.0014'}",2019,Ligue_1
12898,True,"{'id': '164', 'title': 'Marseille', 'short_title': 'MAR'}","{'id': '235', 'title': 'Nimes', 'short_title': 'NIM'}","{'h': '3', 'a': '1'}","{'h': '1.97361', 'a': '1.14972'}",2019-12-21 19:45:00,"{'w': '0.594', 'd': '0.245', 'l': '0.161'}",2019,Ligue_1
12903,True,"{'id': '163', 'title': 'Rennes', 'short_title': 'REN'}","{'id': '164', 'title': 'Marseille', 'short_title': 'MAR'}","{'h': '0', 'a': '1'}","{'h': '0.494628', 'a': '0.831327'}",2020-01-10 19:45:00,"{'w': '0.1807', 'd': '0.372', 'l': '0.4473'}",2019,Ligue_1
12901,True,"{'id': '176', 'title': 'Bordeaux', 'short_title': 'BOR'}","{'id': '178', 'title': 'Lyon', 'short_title': 'LYO'}","{'h': '1', 'a': '2'}","{'h': '0.71442', 'a': '2.43061'}",2020-01-11 16:30:00,"{'w': '0.0565', 'd': '0.1461', 'l': '0.7974'}",2019,Ligue_1
12899,True,"{'id': '174', 'title': 'Toulouse', 'short_title': 'TOU'}","{'id': '241', 'title': 'Brest', 'short_title': 'BRE'}","{'h': '2', 'a': '5'}","{'h': '1.45157', 'a': '1.95386'}",2020-01-11 19:00:00,"{'w': '0.2511', 'd': '0.2535', 'l': '0.4954'}",2019,Ligue_1
12900,True,"{'id': '224', 'title': 'Amiens', 'short_title': 'AMI'}","{'id': '166', 'title': 'Montpellier', 'short_title': 'MPL'}","{'h': '1', 'a': '2'}","{'h': '1.02329', 'a': '0.846418'}",2020-01-11 19:00:00,"{'w': '0.392', 'd': '0.365', 'l': '0.243'}",2019,Ligue_1
12902,True,"{'id': '167', 'title': 'Angers', 'short_title': 'ANG'}","{'id': '170', 'title': 'Nice', 'short_title': 'NIC'}","{'h': '1', 'a': '1'}","{'h': '1.12107', 'a': '1.12107'}",2020-01-11 19:00:00,"{'w': '0.3236', 'd': '0.3383', 'l': '0.3381'}",2019,Ligue_1
12904,True,"{'id': '235', 'title': 'Nimes', 'short_title': 'NIM'}","{'id': '177', 'title': 'Reims', 'short_title': 'REI'}","{'h': '2', 'a': '0'}","{'h': '1.63031', 'a': '0.504333'}",2020-01-11 19:00:00,"{'w': '0.7115', 'd': '0.219', 'l': '0.0695'}",2019,Ligue_1
12905,True,"{'id': '180', 'title': 'Metz', 'short_title': 'MET'}","{'id': '225', 'title': 'Strasbourg', 'short_title': 'STR'}","{'h': '1', 'a': '0'}","{'h': '1.00705', 'a': '1.16736'}",2020-01-11 19:00:00,"{'w': '0.3016', 'd': '0.3365', 'l': '0.3619'}",2019,Ligue_1
12908,True,"{'id': '175', 'title': 'Saint-Etienne', 'short_title': 'SEN'}","{'id': '168', 'title': 'Nantes', 'short_title': 'NAN'}","{'h': '0', 'a': '2'}","{'h': '0.380112', 'a': '1.21513'}",2020-01-12 14:00:00,"{'w': '0.0929', 'd': '0.2839', 'l': '0.6232'}",2019,Ligue_1
12906,True,"{'id': '181', 'title': 'Dijon', 'short_title': 'DJN'}","{'id': '160', 'title': 'Lille', 'short_title': 'LIL'}","{'h': '1', 'a': '0'}","{'h': '1.21606', 'a': '0.586501'}",2020-01-12 16:00:00,"{'w': '0.5276', 'd': '0.3042', 'l': '0.1682'}",2019,Ligue_1
12907,True,"{'id': '161', 'title': 'Paris Saint Germain', 'short_title': 'PSG'}","{'id': '171', 'title': 'Monaco', 'short_title': 'MON'}","{'h': '3', 'a': '3'}","{'h': '2.76333', 'a': '1.91876'}",2020-01-12 20:00:00,"{'w': '0.5806', 'd': '0.2092', 'l': '0.2102'}",2019,Ligue_1
12820,True,"{'id': '235', 'title': 'Nimes', 'short_title': 'NIM'}","{'id': '163', 'title': 'Rennes', 'short_title': 'REN'}","{'h': '0', 'a': '1'}","{'h': '0.190223', 'a': '0.666492'}",2020-01-15 18:00:00,"{'w': '0.0887', 'd': '0.4563', 'l': '0.455'}",2019,Ligue_1
12863,True,"{'id': '224', 'title': 'Amiens', 'short_title': 'AMI'}","{'id': '177', 'title': 'Reims', 'short_title': 'REI'}","{'h': '1', 'a': '1'}","{'h': '0.988779', 'a': '0.338768'}",2020-01-15 18:00:00,"{'w': '0.6492', 'd': '0.2874', 'l': '0.0634'}",2019,Ligue_1
12851,True,"{'id': '171', 'title': 'Monaco', 'short_title': 'MON'}","{'id': '161', 'title': 'Paris Saint Germain', 'short_title': 'PSG'}","{'h': '1', 'a': '4'}","{'h': '1.13704', 'a': '3.55816'}",2020-01-15 20:00:00,"{'w': '0.0326', 'd': '0.0797', 'l': '0.8877'}",2019,Ligue_1
12915,True,"{'id': '170', 'title': 'Nice', 'short_title': 'NIC'}","{'id': '163', 'title': 'Rennes', 'short_title': 'REN'}","{'h': '1', 'a': '1'}","{'h': '2.04075', 'a': '2.01285'}",2020-01-24 19:00:00,"{'w': '0.3846', 'd': '0.2431', 'l': '0.3723'}",2019,Ligue_1
12911,True,"{'id': '164', 'title': 'Marseille', 'short_title': 'MAR'}","{'id': '167', 'title': 'Angers', 'short_title': 'ANG'}","{'h': '0', 'a': '0'}","{'h': '0.342074', 'a': '0.162533'}",2020-01-25 16:30:00,"{'w': '0.2695', 'd': '0.6206', 'l': '0.1099'}",2019,Ligue_1
12909,True,"{'id': '241', 'title': 'Brest', 'short_title': 'BRE'}","{'id': '224', 'title': 'Amiens', 'short_title': 'AMI'}","{'h': '2', 'a': '1'}","{'h': '0.805902', 'a': '1.00169'}",2020-01-25 19:00:00,"{'w': '0.2365', 'd': '0.3718', 'l': '0.3917'}",2019,Ligue_1
12910,True,"{'id': '171', 'title': 'Monaco', 'short_title': 'MON'}","{'id': '225', 'title': 'Strasbourg', 'short_title': 'STR'}","{'h': '1', 'a': '3'}","{'h': '1.06289', 'a': '1.14162'}",2020-01-25 19:00:00,"{'w': '0.3066', 'd': '0.3578', 'l': '0.3356'}",2019,Ligue_1
12912,True,"{'id': '166', 'title': 'Montpellier', 'short_title': 'MPL'}","{'id': '181', 'title': 'Dijon', 'short_title': 'DJN'}","{'h': '2', 'a': '1'}","{'h': '1.84221', 'a': '0.43555'}",2020-01-25 19:00:00,"{'w': '0.7624', 'd': '0.1802', 'l': '0.0574'}",2019,Ligue_1
12913,True,"{'id': '177', 'title': 'Reims', 'short_title': 'REI'}","{'id': '180', 'title': 'Metz', 'short_title': 'MET'}","{'h': '0', 'a': '1'}","{'h': '0.636235', 'a': '0.949755'}",2020-01-25 19:00:00,"{'w': '0.221', 'd': '0.3414', 'l': '0.4376'}",2019,Ligue_1
12918,True,"{'id': '175', 'title': 'Saint-Etienne', 'short_title': 'SEN'}","{'id': '235', 'title': 'Nimes', 'short_title': 'NIM'}","{'h': '2', 'a': '1'}","{'h': '2.13523', 'a': '0.690494'}",2020-01-25 19:00:00,"{'w': '0.7713', 'd': '0.1643', 'l': '0.0644'}",2019,Ligue_1
12916,True,"{'id': '178', 'title': 'Lyon', 'short_title': 'LYO'}","{'id': '174', 'title': 'Toulouse', 'short_title': 'TOU'}","{'h': '3', 'a': '0'}","{'h': '1.20096', 'a': '0.327096'}",2020-01-26 14:00:00,"{'w': '0.6351', 'd': '0.2823', 'l': '0.0826'}",2019,Ligue_1
12914,True,"{'id': '168', 'title': 'Nantes', 'short_title': 'NAN'}","{'id': '176', 'title': 'Bordeaux', 'short_title': 'BOR'}","{'h': '0', 'a': '1'}","{'h': '0.201093', 'a': '0.750449'}",2020-01-26 16:00:00,"{'w': '0.0823', 'd': '0.4104', 'l': '0.5073'}",2019,Ligue_1
12917,True,"{'id': '160', 'title': 'Lille', 'short_title': 'LIL'}","{'id': '161', 'title': 'Paris Saint Germain', 'short_title': 'PSG'}","{'h': '0', 'a': '2'}","{'h': '0.384687', 'a': '2.0343'}",2020-01-26 20:00:00,"{'w': '0.0337', 'd': '0.1356', 'l': '0.8307'}",2019,Ligue_1
12919,True,"{'id': '163', 'title': 'Rennes', 'short_title': 'REN'}","{'id': '168', 'title': 'Nantes', 'short_title': 'NAN'}","{'h': '3', 'a': '2'}","{'h': '2.21888', 'a': '0.876406'}",2020-01-31 18:00:00,"{'w': '0.762', 'd': '0.1826', 'l': '0.0554'}",2019,Ligue_1
12923,True,"{'id': '161', 'title': 'Paris Saint Germain', 'short_title': 'PSG'}","{'id': '166', 'title': 'Montpellier', 'short_title': 'MPL'}","{'h': '5', 'a': '0'}","{'h': '2.89333', 'a': '0.163578'}",2020-02-01 16:30:00,"{'w': '0.9459', 'd': '0.0485', 'l': '0.0056'}",2019,Ligue_1
12921,True,"{'id': '181', 'title': 'Dijon', 'short_title': 'DJN'}","{'id': '241', 'title': 'Brest', 'short_title': 'BRE'}","{'h': '3', 'a': '0'}","{'h': '1.30207', 'a': '1.31151'}",2020-02-01 19:00:00,"{'w': '0.3584', 'd': '0.2837', 'l': '0.3579'}",2019,Ligue_1
12922,True,"{'id': '235', 'title': 'Nimes', 'short_title': 'NIM'}","{'id': '171', 'title': 'Monaco', 'short_title': 'MON'}","{'h': '3', 'a': '1'}","{'h': '1.72671', 'a': '0.732842'}",2020-02-01 19:00:00,"{'w': '0.6306', 'd': '0.2366', 'l': '0.1328'}",2019,Ligue_1
12924,True,"{'id': '167', 'title': 'Angers', 'short_title': 'ANG'}","{'id': '177', 'title': 'Reims', 'short_title': 'REI'}","{'h': '1', 'a': '4'}","{'h': '1.26614', 'a': '1.72995'}",2020-02-01 19:00:00,"{'w': '0.2331', 'd': '0.2817', 'l': '0.4852'}",2019,Ligue_1
12925,True,"{'id': '225', 'title': 'Strasbourg', 'short_title': 'STR'}","{'id': '160', 'title': 'Lille', 'short_title': 'LIL'}","{'h': '1', 'a': '2'}","{'h': '1.05247', 'a': '1.56981'}",2020-02-01 19:00:00,"{'w': '0.2086', 'd': '0.2783', 'l': '0.5131'}",2019,Ligue_1
12926,True,"{'id': '224', 'title': 'Amiens', 'short_title': 'AMI'}","{'id': '174', 'title': 'Toulouse', 'short_title': 'TOU'}","{'h': '0', 'a': '0'}","{'h': '0.803089', 'a': '0.673436'}",2020-02-01 19:00:00,"{'w': '0.3769', 'd': '0.3612', 'l': '0.2619'}",2019,Ligue_1
12920,True,"{'id': '170', 'title': 'Nice', 'short_title': 'NIC'}","{'id': '178', 'title': 'Lyon', 'short_title': 'LYO'}","{'h': '2', 'a': '1'}","{'h': '1.55091', 'a': '1.55904'}",2020-02-02 14:00:00,"{'w': '0.3263', 'd': '0.3323', 'l': '0.3414'}",2019,Ligue_1
12928,True,"{'id': '180', 'title': 'Metz', 'short_title': 'MET'}","{'id': '175', 'title': 'Saint-Etienne', 'short_title': 'SEN'}","{'h': '3', 'a': '1'}","{'h': '0.882462', 'a': '2.4587'}",2020-02-02 16:00:00,"{'w': '0.0717', 'd': '0.153', 'l': '0.7753'}",2019,Ligue_1
12927,True,"{'id': '176', 'title': 'Bordeaux', 'short_title': 'BOR'}","{'id': '164', 'title': 'Marseille', 'short_title': 'MAR'}","{'h': '0', 'a': '0'}","{'h': '1.15176', 'a': '0.413632'}",2020-02-02 20:00:00,"{'w': '0.5948', 'd': '0.2927', 'l': '0.1125'}",2019,Ligue_1
12935,True,"{'id': '160', 'title': 'Lille', 'short_title': 'LIL'}","{'id': '163', 'title': 'Rennes', 'short_title': 'REN'}","{'h': '1', 'a': '0'}","{'h': '0.948652', 'a': '0.391231'}",2020-02-04 18:00:00,"{'w': '0.4998', 'd': '0.3654', 'l': '0.1348'}",2019,Ligue_1
12936,True,"{'id': '171', 'title': 'Monaco', 'short_title': 'MON'}","{'id': '167', 'title': 'Angers', 'short_title': 'ANG'}","{'h': '1', 'a': '0'}","{'h': '0.275273', 'a': '1.07703'}",2020-02-04 18:00:00,"{'w': '0.0908', 'd': '0.3239', 'l': '0.5853'}",2019,Ligue_1
12929,True,"{'id': '168', 'title': 'Nantes', 'short_title': 'NAN'}","{'id': '161', 'title': 'Paris Saint Germain', 'short_title': 'PSG'}","{'h': '1', 'a': '2'}","{'h': '2.78308', 'a': '3.65633'}",2020-02-04 20:05:00,"{'w': '0.2508', 'd': '0.1789', 'l': '0.5703'}",2019,Ligue_1
12930,True,"{'id': '174', 'title': 'Toulouse', 'short_title': 'TOU'}","{'id': '225', 'title': 'Strasbourg', 'short_title': 'STR'}","{'h': '0', 'a': '1'}","{'h': '0.991734', 'a': '1.63603'}",2020-02-05 18:00:00,"{'w': '0.1888', 'd': '0.2744', 'l': '0.5368'}",2019,Ligue_1
12932,True,"{'id': '177', 'title': 'Reims', 'short_title': 'REI'}","{'id': '170', 'title': 'Nice', 'short_title': 'NIC'}","{'h': '1', 'a': '1'}","{'h': '1.036', 'a': '0.929255'}",2020-02-05 18:00:00,"{'w': '0.3502', 'd': '0.3282', 'l': '0.3216'}",2019,Ligue_1
12933,True,"{'id': '235', 'title': 'Nimes', 'short_title': 'NIM'}","{'id': '181', 'title': 'Dijon', 'short_title': 'DJN'}","{'h': '2', 'a': '0'}","{'h': '1.43959', 'a': '0.500338'}",2020-02-05 18:00:00,"{'w': '0.6422', 'd': '0.2584', 'l': '0.0994'}",2019,Ligue_1
12934,True,"{'id': '166', 'title': 'Montpellier', 'short_title': 'MPL'}","{'id': '180', 'title': 'Metz', 'short_title': 'MET'}","{'h': '1', 'a': '1'}","{'h': '0.508142', 'a': '1.50948'}",2020-02-05 18:00:00,"{'w': '0.0868', 'd': '0.2312', 'l': '0.682'}",2019,Ligue_1
12937,True,"{'id': '178', 'title': 'Lyon', 'short_title': 'LYO'}","{'id': '224', 'title': 'Amiens', 'short_title': 'AMI'}","{'h': '0', 'a': '0'}","{'h': '0.414472', 'a': '0.244546'}",2020-02-05 18:00:00,"{'w': '0.2914', 'd': '0.5609', 'l': '0.1477'}",2019,Ligue_1
12938,True,"{'id': '241', 'title': 'Brest', 'short_title': 'BRE'}","{'id': '176', 'title': 'Bordeaux', 'short_title': 'BOR'}","{'h': '1', 'a': '1'}","{'h': '1.81834', 'a': '1.09016'}",2020-02-05 18:00:00,"{'w': '0.5773', 'd': '0.2532', 'l': '0.1695'}",2019,Ligue_1
12931,True,"{'id': '175', 'title': 'Saint-Etienne', 'short_title': 'SEN'}","{'id': '164', 'title': 'Marseille', 'short_title': 'MAR'}","{'h': '0', 'a': '2'}","{'h': '0.453576', 'a': '0.531558'}",2020-02-05 20:15:00,"{'w': '0.2319', 'd': '0.4645', 'l': '0.3036'}",2019,Ligue_1
12943,True,"{'id': '167', 'title': 'Angers', 'short_title': 'ANG'}","{'id': '160', 'title': 'Lille', 'short_title': 'LIL'}","{'h': '0', 'a': '2'}","{'h': '0.50774', 'a': '1.66344'}",2020-02-07 19:45:00,"{'w': '0.0912', 'd': '0.2156', 'l': '0.6932'}",2019,Ligue_1
12946,True,"{'id': '164', 'title': 'Marseille', 'short_title': 'MAR'}","{'id': '174', 'title': 'Toulouse', 'short_title': 'TOU'}","{'h': '1', 'a': '0'}","{'h': '0.728803', 'a': '1.78927'}",2020-02-08 16:30:00,"{'w': '0.0676', 'd': '0.2136', 'l': '0.7188'}",2019,Ligue_1
12939,True,"{'id': '163', 'title': 'Rennes', 'short_title': 'REN'}","{'id': '241', 'title': 'Brest', 'short_title': 'BRE'}","{'h': '0', 'a': '0'}","{'h': '0.829419', 'a': '0.39852'}",2020-02-08 19:00:00,"{'w': '0.4451', 'd': '0.3908', 'l': '0.1641'}",2019,Ligue_1
12942,True,"{'id': '181', 'title': 'Dijon', 'short_title': 'DJN'}","{'id': '168', 'title': 'Nantes', 'short_title': 'NAN'}","{'h': '3', 'a': '3'}","{'h': '1.33878', 'a': '0.571797'}",2020-02-08 19:00:00,"{'w': '0.5804', 'd': '0.2807', 'l': '0.1389'}",2019,Ligue_1
12944,True,"{'id': '224', 'title': 'Amiens', 'short_title': 'AMI'}","{'id': '171', 'title': 'Monaco', 'short_title': 'MON'}","{'h': '1', 'a': '2'}","{'h': '0.436377', 'a': '1.28092'}",2020-02-08 19:00:00,"{'w': '0.104', 'd': '0.2732', 'l': '0.6228'}",2019,Ligue_1
12945,True,"{'id': '170', 'title': 'Nice', 'short_title': 'NIC'}","{'id': '235', 'title': 'Nimes', 'short_title': 'NIM'}","{'h': '1', 'a': '3'}","{'h': '0.704132', 'a': '1.71921'}",2020-02-08 19:00:00,"{'w': '0.1124', 'd': '0.2269', 'l': '0.6607'}",2019,Ligue_1
12947,True,"{'id': '180', 'title': 'Metz', 'short_title': 'MET'}","{'id': '176', 'title': 'Bordeaux', 'short_title': 'BOR'}","{'h': '1', 'a': '2'}","{'h': '0.672638', 'a': '2.11814'}",2020-02-08 19:00:00,"{'w': '0.0665', 'd': '0.1682', 'l': '0.7653'}",2019,Ligue_1
12941,True,"{'id': '166', 'title': 'Montpellier', 'short_title': 'MPL'}","{'id': '175', 'title': 'Saint-Etienne', 'short_title': 'SEN'}","{'h': '1', 'a': '0'}","{'h': '0.552256', 'a': '1.05882'}",2020-02-09 14:00:00,"{'w': '0.1855', 'd': '0.3319', 'l': '0.4826'}",2019,Ligue_1
12948,True,"{'id': '225', 'title': 'Strasbourg', 'short_title': 'STR'}","{'id': '177', 'title': 'Reims', 'short_title': 'REI'}","{'h': '3', 'a': '0'}","{'h': '2.94212', 'a': '0.516785'}",2020-02-09 16:00:00,"{'w': '0.9277', 'd': '0.0607', 'l': '0.0116'}",2019,Ligue_1
12940,True,"{'id': '161', 'title': 'Paris Saint Germain', 'short_title': 'PSG'}","{'id': '178', 'title': 'Lyon', 'short_title': 'LYO'}","{'h': '4', 'a': '2'}","{'h': '1.7391', 'a': '0.874372'}",2020-02-09 20:05:00,"{'w': '0.591', 'd': '0.2491', 'l': '0.1599'}",2019,Ligue_1
12955,True,"{'id': '171', 'title': 'Monaco', 'short_title': 'MON'}","{'id': '166', 'title': 'Montpellier', 'short_title': 'MPL'}","{'h': '1', 'a': '0'}","{'h': '1.9344', 'a': '0.982861'}",2020-02-14 19:45:00,"{'w': '0.6192', 'd': '0.2326', 'l': '0.1482'}",2019,Ligue_1
12949,True,"{'id': '224', 'title': 'Amiens', 'short_title': 'AMI'}","{'id': '161', 'title': 'Paris Saint Germain', 'short_title': 'PSG'}","{'h': '4', 'a': '4'}","{'h': '1.51396', 'a': '3.45174'}",2020-02-15 16:30:00,"{'w': '0.076', 'd': '0.1256', 'l': '0.7984'}",2019,Ligue_1
12950,True,"{'id': '176', 'title': 'Bordeaux', 'short_title': 'BOR'}","{'id': '181', 'title': 'Dijon', 'short_title': 'DJN'}","{'h': '2', 'a': '2'}","{'h': '1.66815', 'a': '0.948329'}",2020-02-15 19:00:00,"{'w': '0.5823', 'd': '0.2738', 'l': '0.1439'}",2019,Ligue_1
12952,True,"{'id': '168', 'title': 'Nantes', 'short_title': 'NAN'}","{'id': '180', 'title': 'Metz', 'short_title': 'MET'}","{'h': '0', 'a': '0'}","{'h': '1.12669', 'a': '0.296838'}",2020-02-15 19:00:00,"{'w': '0.6004', 'd': '0.3179', 'l': '0.0817'}",2019,Ligue_1
12953,True,"{'id': '174', 'title': 'Toulouse', 'short_title': 'TOU'}","{'id': '170', 'title': 'Nice', 'short_title': 'NIC'}","{'h': '0', 'a': '2'}","{'h': '2.36671', 'a': '1.4771'}",2020-02-15 19:00:00,"{'w': '0.6074', 'd': '0.2108', 'l': '0.1818'}",2019,Ligue_1
12957,True,"{'id': '235', 'title': 'Nimes', 'short_title': 'NIM'}","{'id': '167', 'title': 'Angers', 'short_title': 'ANG'}","{'h': '1', 'a': '0'}","{'h': '0.977294', 'a': '0.480458'}",2020-02-15 19:00:00,"{'w': '0.4824', 'd': '0.3493', 'l': '0.1683'}",2019,Ligue_1
12954,True,"{'id': '178', 'title': 'Lyon', 'short_title': 'LYO'}","{'id': '225', 'title': 'Strasbourg', 'short_title': 'STR'}","{'h': '1', 'a': '1'}","{'h': '1.22494', 'a': '1.37886'}",2020-02-16 14:00:00,"{'w': '0.26', 'd': '0.3707', 'l': '0.3693'}",2019,Ligue_1
12951,True,"{'id': '241', 'title': 'Brest', 'short_title': 'BRE'}","{'id': '175', 'title': 'Saint-Etienne', 'short_title': 'SEN'}","{'h': '3', 'a': '2'}","{'h': '1.77507', 'a': '1.64068'}",2020-02-16 16:00:00,"{'w': '0.4022', 'd': '0.2632', 'l': '0.3346'}",2019,Ligue_1
12958,True,"{'id': '177', 'title': 'Reims', 'short_title': 'REI'}","{'id': '163', 'title': 'Rennes', 'short_title': 'REN'}","{'h': '1', 'a': '0'}","{'h': '1.29988', 'a': '0.137662'}",2020-02-16 16:00:00,"{'w': '0.8036', 'd': '0.1763', 'l': '0.0201'}",2019,Ligue_1
12956,True,"{'id': '160', 'title': 'Lille', 'short_title': 'LIL'}","{'id': '164', 'title': 'Marseille', 'short_title': 'MAR'}","{'h': '1', 'a': '2'}","{'h': '1.12417', 'a': '1.51467'}",2020-02-16 20:00:00,"{'w': '0.218', 'd': '0.3037', 'l': '0.4783'}",2019,Ligue_1
12961,True,"{'id': '170', 'title': 'Nice', 'short_title': 'NIC'}","{'id': '241', 'title': 'Brest', 'short_title': 'BRE'}","{'h': '2', 'a': '2'}","{'h': '1.86279', 'a': '0.626653'}",2020-02-21 18:00:00,"{'w': '0.7565', 'd': '0.1992', 'l': '0.0443'}",2019,Ligue_1
12959,True,"{'id': '180', 'title': 'Metz', 'short_title': 'MET'}","{'id': '178', 'title': 'Lyon', 'short_title': 'LYO'}","{'h': '0', 'a': '2'}","{'h': '0.135117', 'a': '1.5696'}",2020-02-21 19:45:00,"{'w': '0.0154', 'd': '0.1427', 'l': '0.8419'}",2019,Ligue_1
12965,True,"{'id': '164', 'title': 'Marseille', 'short_title': 'MAR'}","{'id': '168', 'title': 'Nantes', 'short_title': 'NAN'}","{'h': '1', 'a': '3'}","{'h': '0.804027', 'a': '0.72099'}",2020-02-22 16:30:00,"{'w': '0.3252', 'd': '0.3884', 'l': '0.2864'}",2019,Ligue_1
12962,True,"{'id': '160', 'title': 'Lille', 'short_title': 'LIL'}","{'id': '174', 'title': 'Toulouse', 'short_title': 'TOU'}","{'h': '3', 'a': '0'}","{'h': '2.64354', 'a': '0.291453'}",2020-02-22 19:00:00,"{'w': '0.9162', 'd': '0.0715', 'l': '0.0123'}",2019,Ligue_1
12963,True,"{'id': '181', 'title': 'Dijon', 'short_title': 'DJN'}","{'id': '171', 'title': 'Monaco', 'short_title': 'MON'}","{'h': '1', 'a': '1'}","{'h': '1.58624', 'a': '2.2089'}",2020-02-22 19:00:00,"{'w': '0.2122', 'd': '0.2469', 'l': '0.5409'}",2019,Ligue_1
12967,True,"{'id': '225', 'title': 'Strasbourg', 'short_title': 'STR'}","{'id': '224', 'title': 'Amiens', 'short_title': 'AMI'}","{'h': '0', 'a': '0'}","{'h': '0.63802', 'a': '0.0631697'}",2020-02-22 19:00:00,"{'w': '0.4655', 'd': '0.5023', 'l': '0.0322'}",2019,Ligue_1
12968,True,"{'id': '167', 'title': 'Angers', 'short_title': 'ANG'}","{'id': '166', 'title': 'Montpellier', 'short_title': 'MPL'}","{'h': '1', 'a': '0'}","{'h': '1.27958', 'a': '0.774989'}",2020-02-22 19:00:00,"{'w': '0.5077', 'd': '0.2972', 'l': '0.1951'}",2019,Ligue_1
12964,True,"{'id': '175', 'title': 'Saint-Etienne', 'short_title': 'SEN'}","{'id': '177', 'title': 'Reims', 'short_title': 'REI'}","{'h': '1', 'a': '1'}","{'h': '0.638616', 'a': '0.995257'}",2020-02-23 14:00:00,"{'w': '0.1673', 'd': '0.3799', 'l': '0.4528'}",2019,Ligue_1
12960,True,"{'id': '163', 'title': 'Rennes', 'short_title': 'REN'}","{'id': '235', 'title': 'Nimes', 'short_title': 'NIM'}","{'h': '2', 'a': '1'}","{'h': '2.42942', 'a': '0.3864'}",2020-02-23 16:00:00,"{'w': '0.8717', 'd': '0.1003', 'l': '0.028'}",2019,Ligue_1
12966,True,"{'id': '161', 'title': 'Paris Saint Germain', 'short_title': 'PSG'}","{'id': '176', 'title': 'Bordeaux', 'short_title': 'BOR'}","{'h': '4', 'a': '3'}","{'h': '5.58145', 'a': '1.89123'}",2020-02-23 20:00:00,"{'w': '0.9479', 'd': '0.0354', 'l': '0.0167'}",2019,Ligue_1
12976,True,"{'id': '235', 'title': 'Nimes', 'short_title': 'NIM'}","{'id': '164', 'title': 'Marseille', 'short_title': 'MAR'}","{'h': '2', 'a': '3'}","{'h': '2.4154', 'a': '1.97133'}",2020-02-28 19:45:00,"{'w': '0.489', 'd': '0.2456', 'l': '0.2654'}",2019,Ligue_1
12973,True,"{'id': '161', 'title': 'Paris Saint Germain', 'short_title': 'PSG'}","{'id': '181', 'title': 'Dijon', 'short_title': 'DJN'}","{'h': '4', 'a': '0'}","{'h': '4.57141', 'a': '0.303667'}",2020-02-29 16:30:00,"{'w': '0.9888', 'd': '0.0096', 'l': '0.0016'}",2019,Ligue_1
12970,True,"{'id': '224', 'title': 'Amiens', 'short_title': 'AMI'}","{'id': '180', 'title': 'Metz', 'short_title': 'MET'}","{'h': '0', 'a': '1'}","{'h': '0.901404', 'a': '0.852598'}",2020-02-29 19:00:00,"{'w': '0.3487', 'd': '0.3362', 'l': '0.3151'}",2019,Ligue_1
12971,True,"{'id': '241', 'title': 'Brest', 'short_title': 'BRE'}","{'id': '167', 'title': 'Angers', 'short_title': 'ANG'}","{'h': '0', 'a': '1'}","{'h': '0.929266', 'a': '0.324731'}",2020-02-29 19:00:00,"{'w': '0.5084', 'd': '0.3659', 'l': '0.1257'}",2019,Ligue_1
12974,True,"{'id': '174', 'title': 'Toulouse', 'short_title': 'TOU'}","{'id': '163', 'title': 'Rennes', 'short_title': 'REN'}","{'h': '0', 'a': '2'}","{'h': '0.81746', 'a': '1.20906'}",2020-02-29 19:00:00,"{'w': '0.2366', 'd': '0.2973', 'l': '0.4661'}",2019,Ligue_1
12975,True,"{'id': '171', 'title': 'Monaco', 'short_title': 'MON'}","{'id': '177', 'title': 'Reims', 'short_title': 'REI'}","{'h': '1', 'a': '1'}","{'h': '1.97379', 'a': '1.14998'}",2020-02-29 19:00:00,"{'w': '0.5914', 'd': '0.2397', 'l': '0.1689'}",2019,Ligue_1
12977,True,"{'id': '166', 'title': 'Montpellier', 'short_title': 'MPL'}","{'id': '225', 'title': 'Strasbourg', 'short_title': 'STR'}","{'h': '3', 'a': '0'}","{'h': '3.80176', 'a': '0.851456'}",2020-02-29 19:00:00,"{'w': '0.9377', 'd': '0.044', 'l': '0.0183'}",2019,Ligue_1
12978,True,"{'id': '168', 'title': 'Nantes', 'short_title': 'NAN'}","{'id': '160', 'title': 'Lille', 'short_title': 'LIL'}","{'h': '0', 'a': '1'}","{'h': '0.260158', 'a': '2.01916'}",2020-03-01 13:00:00,"{'w': '0.0264', 'd': '0.1326', 'l': '0.841'}",2019,Ligue_1
12972,True,"{'id': '176', 'title': 'Bordeaux', 'short_title': 'BOR'}","{'id': '170', 'title': 'Nice', 'short_title': 'NIC'}","{'h': '1', 'a': '1'}","{'h': '2.02221', 'a': '0.407018'}",2020-03-01 15:05:00,"{'w': '0.8271', 'd': '0.1332', 'l': '0.0397'}",2019,Ligue_1
12969,True,"{'id': '178', 'title': 'Lyon', 'short_title': 'LYO'}","{'id': '175', 'title': 'Saint-Etienne', 'short_title': 'SEN'}","{'h': '2', 'a': '0'}","{'h': '2.92254', 'a': '0.378435'}",2020-03-01 19:00:00,"{'w': '0.9413', 'd': '0.0487', 'l': '0.01'}",2019,Ligue_1
12985,True,"{'id': '164', 'title': 'Marseille', 'short_title': 'MAR'}","{'id': '224', 'title': 'Amiens', 'short_title': 'AMI'}","{'h': '2', 'a': '2'}","{'h': '1.06698', 'a': '1.87515'}",2020-03-06 19:00:00,"{'w': '0.1683', 'd': '0.2347', 'l': '0.597'}",2019,Ligue_1
12979,True,"{'id': '170', 'title': 'Nice', 'short_title': 'NIC'}","{'id': '171', 'title': 'Monaco', 'short_title': 'MON'}","{'h': '2', 'a': '1'}","{'h': '1.63512', 'a': '1.30497'}",2020-03-07 18:00:00,"{'w': '0.4511', 'd': '0.2828', 'l': '0.2661'}",2019,Ligue_1
12981,True,"{'id': '181', 'title': 'Dijon', 'short_title': 'DJN'}","{'id': '174', 'title': 'Toulouse', 'short_title': 'TOU'}","{'h': '2', 'a': '1'}","{'h': '0.88467', 'a': '1.00717'}",2020-03-07 18:00:00,"{'w': '0.2868', 'd': '0.3309', 'l': '0.3823'}",2019,Ligue_1
12984,True,"{'id': '167', 'title': 'Angers', 'short_title': 'ANG'}","{'id': '168', 'title': 'Nantes', 'short_title': 'NAN'}","{'h': '2', 'a': '0'}","{'h': '0.717772', 'a': '1.16092'}",2020-03-07 18:00:00,"{'w': '0.2058', 'd': '0.3228', 'l': '0.4714'}",2019,Ligue_1
12986,True,"{'id': '180', 'title': 'Metz', 'short_title': 'MET'}","{'id': '235', 'title': 'Nimes', 'short_title': 'NIM'}","{'h': '2', 'a': '1'}","{'h': '1.40623', 'a': '1.57289'}",2020-03-07 18:00:00,"{'w': '0.3201', 'd': '0.2799', 'l': '0.4'}",2019,Ligue_1
12988,True,"{'id': '177', 'title': 'Reims', 'short_title': 'REI'}","{'id': '241', 'title': 'Brest', 'short_title': 'BRE'}","{'h': '1', 'a': '0'}","{'h': '1.33174', 'a': '1.19416'}",2020-03-07 18:00:00,"{'w': '0.367', 'd': '0.3388', 'l': '0.2942'}",2019,Ligue_1
12983,True,"{'id': '175', 'title': 'Saint-Etienne', 'short_title': 'SEN'}","{'id': '176', 'title': 'Bordeaux', 'short_title': 'BOR'}","{'h': '1', 'a': '1'}","{'h': '0.711678', 'a': '0.924479'}",2020-03-08 13:00:00,"{'w': '0.244', 'd': '0.3504', 'l': '0.4056'}",2019,Ligue_1
12987,True,"{'id': '163', 'title': 'Rennes', 'short_title': 'REN'}","{'id': '166', 'title': 'Montpellier', 'short_title': 'MPL'}","{'h': '5', 'a': '0'}","{'h': '3.18379', 'a': '0.940729'}",2020-03-08 15:00:00,"{'w': '0.8843', 'd': '0.0858', 'l': '0.0299'}",2019,Ligue_1
12982,True,"{'id': '160', 'title': 'Lille', 'short_title': 'LIL'}","{'id': '178', 'title': 'Lyon', 'short_title': 'LYO'}","{'h': '1', 'a': '0'}","{'h': '1.35925', 'a': '1.14245'}",2020-03-08 19:00:00,"{'w': '0.4147', 'd': '0.2916', 'l': '0.2937'}",2019,Ligue_1
12990,False,"{'id': '178', 'title': 'Lyon', 'short_title': 'LYO'}","{'id': '177', 'title': 'Reims', 'short_title': 'REI'}","{'h': None, 'a': None}","{'h': None, 'a': None}",2020-03-13 18:45:00,,2019,Ligue_1
12998,False,"{'id': '166', 'title': 'Montpellier', 'short_title': 'MPL'}","{'id': '164', 'title': 'Marseille', 'short_title': 'MAR'}","{'h': None, 'a': None}","{'h': None, 'a': None}",2020-03-14 15:30:00,,2019,Ligue_1
12991,False,"{'id': '168', 'title': 'Nantes', 'short_title': 'NAN'}","{'id': '235', 'title': 'Nimes', 'short_title': 'NIM'}","{'h': None, 'a': None}","{'h': None, 'a': None}",2020-03-14 18:00:00,,2019,Ligue_1
12992,False,"{'id': '224', 'title': 'Amiens', 'short_title': 'AMI'}","{'id': '167', 'title': 'Angers', 'short_title': 'ANG'}","{'h': None, 'a': None}","{'h': None, 'a': None}",2020-03-14 18:00:00,,2019,Ligue_1
12993,False,"{'id': '174', 'title': 'Toulouse', 'short_title': 'TOU'}","{'id': '180', 'title': 'Metz', 'short_title': 'MET'}","{'h': None, 'a': None}","{'h': None, 'a': None}",2020-03-14 18:00:00,,2019,Ligue_1
12994,False,"{'id': '241', 'title': 'Brest', 'short_title': 'BRE'}","{'id': '160', 'title': 'Lille', 'short_title': 'LIL'}","{'h': None, 'a': None}","{'h': None, 'a': None}",2020-03-14 18:00:00,,2019,Ligue_1
12997,False,"{'id': '225', 'title': 'Strasbourg', 'short_title': 'STR'}","{'id': '181', 'title': 'Dijon', 'short_title': 'DJN'}","{'h': None, 'a': None}","{'h': None, 'a': None}",2020-03-14 18:00:00,,2019,Ligue_1
12995,False,"{'id': '176', 'title': 'Bordeaux', 'short_title': 'BOR'}","{'id': '163', 'title': 'Rennes', 'short_title': 'REN'}","{'h': None, 'a': None}","{'h': None, 'a': None}",2020-03-15 13:00:00,,2019,Ligue_1
12996,False,"{'id': '171', 'title': 'Monaco', 'short_title': 'MON'}","{'id': '175', 'title': 'Saint-Etienne', 'short_title': 'SEN'}","{'h': None, 'a': None}","{'h': None, 'a': None}",2020-03-15 15:00:00,,2019,Ligue_1
12989,False,"{'id': '161', 'title': 'Paris Saint Germain', 'short_title': 'PSG'}","{'id': '170', 'title': 'Nice', 'short_title': 'NIC'}","{'h': None, 'a': None}","{'h': None, 'a': None}",2020-03-15 19:00:00,,2019,Ligue_1
12980,False,"{'id': '225', 'title': 'Strasbourg', 'short_title': 'STR'}","{'id': '161', 'title': 'Paris Saint Germain', 'short_title': 'PSG'}","{'h': None, 'a': None}","{'h': None, 'a': None}",2020-03-18 19:00:00,,2019,Ligue_1
13001,False,"{'id': '160', 'title': 'Lille', 'short_title': 'LIL'}","{'id': '171', 'title': 'Monaco', 'short_title': 'MON'}","{'h': None, 'a': None}","{'h': None, 'a': None}",2020-03-20 18:45:00,,2019,Ligue_1
13007,False,"{'id': '163', 'title': 'Rennes', 'short_title': 'REN'}","{'id': '178', 'title': 'Lyon', 'short_title': 'LYO'}","{'h': None, 'a': None}","{'h': None, 'a': None}",2020-03-21 15:30:00,,2019,Ligue_1
12999,False,"{'id': '170', 'title': 'Nice', 'short_title': 'NIC'}","{'id': '166', 'title': 'Montpellier', 'short_title': 'MPL'}","{'h': None, 'a': None}","{'h': None, 'a': None}",2020-03-21 18:00:00,,2019,Ligue_1
13000,False,"{'id': '180', 'title': 'Metz', 'short_title': 'MET'}","{'id': '241', 'title': 'Brest', 'short_title': 'BRE'}","{'h': None, 'a': None}","{'h': None, 'a': None}",2020-03-21 18:00:00,,2019,Ligue_1
13005,False,"{'id': '235', 'title': 'Nimes', 'short_title': 'NIM'}","{'id': '176', 'title': 'Bordeaux', 'short_title': 'BOR'}","{'h': None, 'a': None}","{'h': None, 'a': None}",2020-03-21 18:00:00,,2019,Ligue_1
13006,False,"{'id': '167', 'title': 'Angers', 'short_title': 'ANG'}","{'id': '174', 'title': 'Toulouse', 'short_title': 'TOU'}","{'h': None, 'a': None}","{'h': None, 'a': None}",2020-03-21 18:00:00,,2019,Ligue_1
13008,False,"{'id': '181', 'title': 'Dijon', 'short_title': 'DJN'}","{'id': '224', 'title': 'Amiens', 'short_title': 'AMI'}","{'h': None, 'a': None}","{'h': None, 'a': None}",2020-03-21 18:00:00,,2019,Ligue_1
13004,False,"{'id': '175', 'title': 'Saint-Etienne', 'short_title': 'SEN'}","{'id': '225', 'title': 'Strasbourg', 'short_title': 'STR'}","{'h': None, 'a': None}","{'h': None, 'a': None}",2020-03-22 13:00:00,,2019,Ligue_1
13002,False,"{'id': '177', 'title': 'Reims', 'short_title': 'REI'}","{'id': '168', 'title': 'Nantes', 'short_title': 'NAN'}","{'h': None, 'a': None}","{'h': None, 'a': None}",2020-03-22 15:00:00,,2019,Ligue_1
13003,False,"{'id': '164', 'title': 'Marseille', 'short_title': 'MAR'}","{'id': '161', 'title': 'Paris Saint Germain', 'short_title': 'PSG'}","{'h': None, 'a': None}","{'h': None, 'a': None}",2020-03-22 19:00:00,,2019,Ligue_1
13009,False,"{'id': '166', 'title': 'Montpellier', 'short_title': 'MPL'}","{'id': '160', 'title': 'Lille', 'short_title': 'LIL'}","{'h': None, 'a': None}","{'h': None, 'a': None}",2020-07-09 23:00:00,,2019,Ligue_1
13010,False,"{'id': '241', 'title': 'Brest', 'short_title': 'BRE'}","{'id': '164', 'title': 'Marseille', 'short_title': 'MAR'}","{'h': None, 'a': None}","{'h': None, 'a': None}",2020-07-09 23:00:00,,2019,Ligue_1
13011,False,"{'id': '174', 'title': 'Toulouse', 'short_title': 'TOU'}","{'id': '175', 'title': 'Saint-Etienne', 'short_title': 'SEN'}","{'h': None, 'a': None}","{'h': None, 'a': None}",2020-07-09 23:00:00,,2019,Ligue_1
13012,False,"{'id': '178', 'title': 'Lyon', 'short_title': 'LYO'}","{'id': '235', 'title': 'Nimes', 'short_title': 'NIM'}","{'h': None, 'a': None}","{'h': None, 'a': None}",2020-07-09 23:00:00,,2019,Ligue_1
13013,False,"{'id': '171', 'title': 'Monaco', 'short_title': 'MON'}","{'id': '168', 'title': 'Nantes', 'short_title': 'NAN'}","{'h': None, 'a': None}","{'h': None, 'a': None}",2020-07-09 23:00:00,,2019,Ligue_1
13014,False,"{'id': '176', 'title': 'Bordeaux', 'short_title': 'BOR'}","{'id': '177', 'title': 'Reims', 'short_title': 'REI'}","{'h': None, 'a': None}","{'h': None, 'a': None}",2020-07-09 23:00:00,,2019,Ligue_1
13015,False,"{'id': '161', 'title': 'Paris Saint Germain', 'short_title': 'PSG'}","{'id': '180', 'title': 'Metz', 'short_title': 'MET'}","{'h': None, 'a': None}","{'h': None, 'a': None}",2020-07-09 23:00:00,,2019,Ligue_1
13016,False,"{'id': '181', 'title': 'Dijon', 'short_title': 'DJN'}","{'id': '170', 'title': 'Nice', 'short_title': 'NIC'}","{'h': None, 'a': None}","{'h': None, 'a': None}",2020-07-09 23:00:00,,2019,Ligue_1
13017,False,"{'id': '224', 'title': 'Amiens', 'short_title': 'AMI'}","{'id': '163', 'title': 'Rennes', 'short_title': 'REN'}","{'h': None, 'a': None}","{'h': None, 'a': None}",2020-07-09 23:00:00,,2019,Ligue_1
13018,False,"{'id': '225', 'title': 'Strasbourg', 'short_title': 'STR'}","{'id': '167', 'title': 'Angers', 'short_title': 'ANG'}","{'h': None, 'a': None}","{'h': None, 'a': None}",2020-07-09 23:00:00,,2019,Ligue_1
13019,False,"{'id': '168', 'title': 'Nantes', 'short_title': 'NAN'}","{'id': '178', 'title': 'Lyon', 'short_title': 'LYO'}","{'h': None, 'a': None}","{'h': None, 'a': None}",2020-07-09 23:00:00,,2019,Ligue_1
13020,False,"{'id': '167', 'title': 'Angers', 'short_title': 'ANG'}","{'id': '161', 'title': 'Paris Saint Germain', 'short_title': 'PSG'}","{'h': None, 'a': None}","{'h': None, 'a': None}",2020-07-09 23:00:00,,2019,Ligue_1
13021,False,"{'id': '164', 'title': 'Marseille', 'short_title': 'MAR'}","{'id': '181', 'title': 'Dijon', 'short_title': 'DJN'}","{'h': None, 'a': None}","{'h': None, 'a': None}",2020-07-09 23:00:00,,2019,Ligue_1
13022,False,"{'id': '180', 'title': 'Metz', 'short_title': 'MET'}","{'id': '160', 'title': 'Lille', 'short_title': 'LIL'}","{'h': None, 'a': None}","{'h': None, 'a': None}",2020-07-09 23:00:00,,2019,Ligue_1
13023,False,"{'id': '235', 'title': 'Nimes', 'short_title': 'NIM'}","{'id': '166', 'title': 'Montpellier', 'short_title': 'MPL'}","{'h': None, 'a': None}","{'h': None, 'a': None}",2020-07-09 23:00:00,,2019,Ligue_1
13024,False,"{'id': '170', 'title': 'Nice', 'short_title': 'NIC'}","{'id': '225', 'title': 'Strasbourg', 'short_title': 'STR'}","{'h': None, 'a': None}","{'h': None, 'a': None}",2020-07-09 23:00:00,,2019,Ligue_1
13025,False,"{'id': '176', 'title': 'Bordeaux', 'short_title': 'BOR'}","{'id': '224', 'title': 'Amiens', 'short_title': 'AMI'}","{'h': None, 'a': None}","{'h': None, 'a': None}",2020-07-09 23:00:00,,2019,Ligue_1
13026,False,"{'id': '241', 'title': 'Brest', 'short_title': 'BRE'}","{'id': '171', 'title': 'Monaco', 'short_title': 'MON'}","{'h': None, 'a': None}","{'h': None, 'a': None}",2020-07-09 23:00:00,,2019,Ligue_1
13027,False,"{'id': '177', 'title': 'Reims', 'short_title': 'REI'}","{'id': '174', 'title': 'Toulouse', 'short_title': 'TOU'}","{'h': None, 'a': None}","{'h': None, 'a': None}",2020-07-09 23:00:00,,2019,Ligue_1
13028,False,"{'id': '175', 'title': 'Saint-Etienne', 'short_title': 'SEN'}","{'id': '163', 'title': 'Rennes', 'short_title': 'REN'}","{'h': None, 'a': None}","{'h': None, 'a': None}",2020-07-09 23:00:00,,2019,Ligue_1
13029,False,"{'id': '174', 'title': 'Toulouse', 'short_title': 'TOU'}","{'id': '168', 'title': 'Nantes', 'short_title': 'NAN'}","{'h': None, 'a': None}","{'h': None, 'a': None}",2020-07-09 23:00:00,,2019,Ligue_1
13030,False,"{'id': '171', 'title': 'Monaco', 'short_title': 'MON'}","{'id': '176', 'title': 'Bordeaux', 'short_title': 'BOR'}","{'h': None, 'a': None}","{'h': None, 'a': None}",2020-07-09 23:00:00,,2019,Ligue_1
13031,False,"{'id': '166', 'title': 'Montpellier', 'short_title': 'MPL'}","{'id': '177', 'title': 'Reims', 'short_title': 'REI'}","{'h': None, 'a': None}","{'h': None, 'a': None}",2020-07-09 23:00:00,,2019,Ligue_1
13032,False,"{'id': '224', 'title': 'Amiens', 'short_title': 'AMI'}","{'id': '235', 'title': 'Nimes', 'short_title': 'NIM'}","{'h': None, 'a': None}","{'h': None, 'a': None}",2020-07-09 23:00:00,,2019,Ligue_1
13033,False,"{'id': '161', 'title': 'Paris Saint Germain', 'short_title': 'PSG'}","{'id': '175', 'title': 'Saint-Etienne', 'short_title': 'SEN'}","{'h': None, 'a': None}","{'h': None, 'a': None}",2020-07-09 23:00:00,,2019,Ligue_1
13034,False,"{'id': '160', 'title': 'Lille', 'short_title': 'LIL'}","{'id': '170', 'title': 'Nice', 'short_title': 'NIC'}","{'h': None, 'a': None}","{'h': None, 'a': None}",2020-07-09 23:00:00,,2019,Ligue_1
13035,False,"{'id': '225', 'title': 'Strasbourg', 'short_title': 'STR'}","{'id': '241', 'title': 'Brest', 'short_title': 'BRE'}","{'h': None, 'a': None}","{'h': None, 'a': None}",2020-07-09 23:00:00,,2019,Ligue_1
13036,False,"{'id': '178', 'title': 'Lyon', 'short_title': 'LYO'}","{'id': '164', 'title': 'Marseille', 'short_title': 'MAR'}","{'h': None, 'a': None}","{'h': None, 'a': None}",2020-07-09 23:00:00,,2019,Ligue_1
13037,False,"{'id': '163', 'title': 'Rennes', 'short_title': 'REN'}","{'id': '180', 'title': 'Metz', 'short_title': 'MET'}","{'h': None, 'a': None}","{'h': None, 'a': None}",2020-07-09 23:00:00,,2019,Ligue_1
13038,False,"{'id': '181', 'title': 'Dijon', 'short_title': 'DJN'}","{'id': '167', 'title': 'Angers', 'short_title': 'ANG'}","{'h': None, 'a': None}","{'h': None, 'a': None}",2020-07-09 23:00:00,,2019,Ligue_1
13039,False,"{'id': '178', 'title': 'Lyon', 'short_title': 'LYO'}","{'id': '171', 'title': 'Monaco', 'short_title': 'MON'}","{'h': None, 'a': None}","{'h': None, 'a': None}",2020-07-09 23:00:00,,2019,Ligue_1
13040,False,"{'id': '176', 'title': 'Bordeaux', 'short_title': 'BOR'}","{'id': '174', 'title': 'Toulouse', 'short_title': 'TOU'}","{'h': None, 'a': None}","{'h': None, 'a': None}",2020-07-09 23:00:00,,2019,Ligue_1
13041,False,"{'id': '163', 'title': 'Rennes', 'short_title': 'REN'}","{'id': '225', 'title': 'Strasbourg', 'short_title': 'STR'}","{'h': None, 'a': None}","{'h': None, 'a': None}",2020-07-09 23:00:00,,2019,Ligue_1
13042,False,"{'id': '175', 'title': 'Saint-Etienne', 'short_title': 'SEN'}","{'id': '167', 'title': 'Angers', 'short_title': 'ANG'}","{'h': None, 'a': None}","{'h': None, 'a': None}",2020-07-09 23:00:00,,2019,Ligue_1
13043,False,"{'id': '241', 'title': 'Brest', 'short_title': 'BRE'}","{'id': '166', 'title': 'Montpellier', 'short_title': 'MPL'}","{'h': None, 'a': None}","{'h': None, 'a': None}",2020-07-09 23:00:00,,2019,Ligue_1
13044,False,"{'id': '168', 'title': 'Nantes', 'short_title': 'NAN'}","{'id': '224', 'title': 'Amiens', 'short_title': 'AMI'}","{'h': None, 'a': None}","{'h': None, 'a': None}",2020-07-09 23:00:00,,2019,Ligue_1
13045,False,"{'id': '177', 'title': 'Reims', 'short_title': 'REI'}","{'id': '161', 'title': 'Paris Saint Germain', 'short_title': 'PSG'}","{'h': None, 'a': None}","{'h': None, 'a': None}",2020-07-09 23:00:00,,2019,Ligue_1
13046,False,"{'id': '180', 'title': 'Metz', 'short_title': 'MET'}","{'id': '181', 'title': 'Dijon', 'short_title': 'DJN'}","{'h': None, 'a': None}","{'h': None, 'a': None}",2020-07-09 23:00:00,,2019,Ligue_1
13047,False,"{'id': '235', 'title': 'Nimes', 'short_title': 'NIM'}","{'id': '160', 'title': 'Lille', 'short_title': 'LIL'}","{'h': None, 'a': None}","{'h': None, 'a': None}",2020-07-09 23:00:00,,2019,Ligue_1
13048,False,"{'id': '164', 'title': 'Marseille', 'short_title': 'MAR'}","{'id': '170', 'title': 'Nice', 'short_title': 'NIC'}","{'h': None, 'a': None}","{'h': None, 'a': None}",2020-07-09 23:00:00,,2019,Ligue_1
13049,False,"{'id': '161', 'title': 'Paris Saint Germain', 'short_title': 'PSG'}","{'id': '241', 'title': 'Brest', 'short_title': 'BRE'}","{'h': None, 'a': None}","{'h': None, 'a': None}",2020-07-09 23:00:00,,2019,Ligue_1
13050,False,"{'id': '181', 'title': 'Dijon', 'short_title': 'DJN'}","{'id': '178', 'title': 'Lyon', 'short_title': 'LYO'}","{'h': None, 'a': None}","{'h': None, 'a': None}",2020-07-09 23:00:00,,2019,Ligue_1
13051,False,"{'id': '171', 'title': 'Monaco', 'short_title': 'MON'}","{'id': '180', 'title': 'Metz', 'short_title': 'MET'}","{'h': None, 'a': None}","{'h': None, 'a': None}",2020-07-09 23:00:00,,2019,Ligue_1
13052,False,"{'id': '160', 'title': 'Lille', 'short_title': 'LIL'}","{'id': '177', 'title': 'Reims', 'short_title': 'REI'}","{'h': None, 'a': None}","{'h': None, 'a': None}",2020-07-09 23:00:00,,2019,Ligue_1
13053,False,"{'id': '166', 'title': 'Montpellier', 'short_title': 'MPL'}","{'id': '176', 'title': 'Bordeaux', 'short_title': 'BOR'}","{'h': None, 'a': None}","{'h': None, 'a': None}",2020-07-09 23:00:00,,2019,Ligue_1
13054,False,"{'id': '170', 'title': 'Nice', 'short_title': 'NIC'}","{'id': '168', 'title': 'Nantes', 'short_title': 'NAN'}","{'h': None, 'a': None}","{'h': None, 'a': None}",2020-07-09 23:00:00,,2019,Ligue_1
13055,False,"{'id': '224', 'title': 'Amiens', 'short_title': 'AMI'}","{'id': '175', 'title': 'Saint-Etienne', 'short_title': 'SEN'}","{'h': None, 'a': None}","{'h': None, 'a': None}",2020-07-09 23:00:00,,2019,Ligue_1
13056,False,"{'id': '225', 'title': 'Strasbourg', 'short_title': 'STR'}","{'id': '164', 'title': 'Marseille', 'short_title': 'MAR'}","{'h': None, 'a': None}","{'h': None, 'a': None}",2020-07-09 23:00:00,,2019,Ligue_1
13057,False,"{'id': '174', 'title': 'Toulouse', 'short_title': 'TOU'}","{'id': '235', 'title': 'Nimes', 'short_title': 'NIM'}","{'h': None, 'a': None}","{'h': None, 'a': None}",2020-07-09 23:00:00,,2019,Ligue_1
13058,False,"{'id': '167', 'title': 'Angers', 'short_title': 'ANG'}","{'id': '163', 'title': 'Rennes', 'short_title': 'REN'}","{'h': None, 'a': None}","{'h': None, 'a': None}",2020-07-09 23:00:00,,2019,Ligue_1
13059,False,"{'id': '175', 'title': 'Saint-Etienne', 'short_title': 'SEN'}","{'id': '160', 'title': 'Lille', 'short_title': 'LIL'}","{'h': None, 'a': None}","{'h': None, 'a': None}",2020-07-09 23:00:00,,2019,Ligue_1
13060,False,"{'id': '176', 'title': 'Bordeaux', 'short_title': 'BOR'}","{'id': '167', 'title': 'Angers', 'short_title': 'ANG'}","{'h': None, 'a': None}","{'h': None, 'a': None}",2020-07-09 23:00:00,,2019,Ligue_1
13061,False,"{'id': '235', 'title': 'Nimes', 'short_title': 'NIM'}","{'id': '225', 'title': 'Strasbourg', 'short_title': 'STR'}","{'h': None, 'a': None}","{'h': None, 'a': None}",2020-07-09 23:00:00,,2019,Ligue_1
13062,False,"{'id': '178', 'title': 'Lyon', 'short_title': 'LYO'}","{'id': '166', 'title': 'Montpellier', 'short_title': 'MPL'}","{'h': None, 'a': None}","{'h': None, 'a': None}",2020-07-09 23:00:00,,2019,Ligue_1
13063,False,"{'id': '164', 'title': 'Marseille', 'short_title': 'MAR'}","{'id': '171', 'title': 'Monaco', 'short_title': 'MON'}","{'h': None, 'a': None}","{'h': None, 'a': None}",2020-07-09 23:00:00,,2019,Ligue_1
13064,False,"{'id': '168', 'title': 'Nantes', 'short_title': 'NAN'}","{'id': '241', 'title': 'Brest', 'short_title': 'BRE'}","{'h': None, 'a': None}","{'h': None, 'a': None}",2020-07-09 23:00:00,,2019,Ligue_1
13065,False,"{'id': '180', 'title': 'Metz', 'short_title': 'MET'}","{'id': '170', 'title': 'Nice', 'short_title': 'NIC'}","{'h': None, 'a': None}","{'h': None, 'a': None}",2020-07-09 23:00:00,,2019,Ligue_1
13066,False,"{'id': '174', 'title': 'Toulouse', 'short_title': 'TOU'}","{'id': '161', 'title': 'Paris Saint Germain', 'short_title': 'PSG'}","{'h': None, 'a': None}","{'h': None, 'a': None}",2020-07-09 23:00:00,,2019,Ligue_1
13067,False,"{'id': '163', 'title': 'Rennes', 'short_title': 'REN'}","{'id': '181', 'title': 'Dijon', 'short_title': 'DJN'}","{'h': None, 'a': None}","{'h': None, 'a': None}",2020-07-09 23:00:00,,2019,Ligue_1
13068,False,"{'id': '177', 'title': 'Reims', 'short_title': 'REI'}","{'id': '224', 'title': 'Amiens', 'short_title': 'AMI'}","{'h': None, 'a': None}","{'h': None, 'a': None}",2020-07-09 23:00:00,,2019,Ligue_1
13069,False,"{'id': '167', 'title': 'Angers', 'short_title': 'ANG'}","{'id': '178', 'title': 'Lyon', 'short_title': 'LYO'}","{'h': None, 'a': None}","{'h': None, 'a': None}",2020-07-09 23:00:00,,2019,Ligue_1
13070,False,"{'id': '181', 'title': 'Dijon', 'short_title': 'DJN'}","{'id': '177', 'title': 'Reims', 'short_title': 'REI'}","{'h': None, 'a': None}","{'h': None, 'a': None}",2020-07-09 23:00:00,,2019,Ligue_1
13071,False,"{'id': '225', 'title': 'Strasbourg', 'short_title': 'STR'}","{'id': '176', 'title': 'Bordeaux', 'short_title': 'BOR'}","{'h': None, 'a': None}","{'h': None, 'a': None}",2020-07-09 23:00:00,,2019,Ligue_1
13072,False,"{'id': '160', 'title': 'Lille', 'short_title': 'LIL'}","{'id': '224', 'title': 'Amiens', 'short_title': 'AMI'}","{'h': None, 'a': None}","{'h': None, 'a': None}",2020-07-09 23:00:00,,2019,Ligue_1
13073,False,"{'id': '166', 'title': 'Montpellier', 'short_title': 'MPL'}","{'id': '168', 'title': 'Nantes', 'short_title': 'NAN'}","{'h': None, 'a': None}","{'h': None, 'a': None}",2020-07-09 23:00:00,,2019,Ligue_1
13074,False,"{'id': '171', 'title': 'Monaco', 'short_title': 'MON'}","{'id': '174', 'title': 'Toulouse', 'short_title': 'TOU'}","{'h': None, 'a': None}","{'h': None, 'a': None}",2020-07-09 23:00:00,,2019,Ligue_1
13075,False,"{'id': '164', 'title': 'Marseille', 'short_title': 'MAR'}","{'id': '180', 'title': 'Metz', 'short_title': 'MET'}","{'h': None, 'a': None}","{'h': None, 'a': None}",2020-07-09 23:00:00,,2019,Ligue_1
13076,False,"{'id': '170', 'title': 'Nice', 'short_title': 'NIC'}","{'id': '175', 'title': 'Saint-Etienne', 'short_title': 'SEN'}","{'h': None, 'a': None}","{'h': None, 'a': None}",2020-07-09 23:00:00,,2019,Ligue_1
13077,False,"{'id': '241', 'title': 'Brest', 'short_title': 'BRE'}","{'id': '235', 'title': 'Nimes', 'short_title': 'NIM'}","{'h': None, 'a': None}","{'h': None, 'a': None}",2020-07-09 23:00:00,,2019,Ligue_1
13078,False,"{'id': '161', 'title': 'Paris Saint Germain', 'short_title': 'PSG'}","{'id': '163', 'title': 'Rennes', 'short_title': 'REN'}","{'h': None, 'a': None}","{'h': None, 'a': None}",2020-07-09 23:00:00,,2019,Ligue_1
13079,False,"{'id': '163', 'title': 'Rennes', 'short_title': 'REN'}","{'id': '171', 'title': 'Monaco', 'short_title': 'MON'}","{'h': None, 'a': None}","{'h': None, 'a': None}",2020-07-09 23:00:00,,2019,Ligue_1
13080,False,"{'id': '180', 'title': 'Metz', 'short_title': 'MET'}","{'id': '167', 'title': 'Angers', 'short_title': 'ANG'}","{'h': None, 'a': None}","{'h': None, 'a': None}",2020-07-09 23:00:00,,2019,Ligue_1
13081,False,"{'id': '174', 'title': 'Toulouse', 'short_title': 'TOU'}","{'id': '166', 'title': 'Montpellier', 'short_title': 'MPL'}","{'h': None, 'a': None}","{'h': None, 'a': None}",2020-07-09 23:00:00,,2019,Ligue_1
13082,False,"{'id': '235', 'title': 'Nimes', 'short_title': 'NIM'}","{'id': '161', 'title': 'Paris Saint Germain', 'short_title': 'PSG'}","{'h': None, 'a': None}","{'h': None, 'a': None}",2020-07-09 23:00:00,,2019,Ligue_1
13083,False,"{'id': '168', 'title': 'Nantes', 'short_title': 'NAN'}","{'id': '225', 'title': 'Strasbourg', 'short_title': 'STR'}","{'h': None, 'a': None}","{'h': None, 'a': None}",2020-07-09 23:00:00,,2019,Ligue_1
13084,False,"{'id': '175', 'title': 'Saint-Etienne', 'short_title': 'SEN'}","{'id': '181', 'title': 'Dijon', 'short_title': 'DJN'}","{'h': None, 'a': None}","{'h': None, 'a': None}",2020-07-09 23:00:00,,2019,Ligue_1
13085,False,"{'id': '224', 'title': 'Amiens', 'short_title': 'AMI'}","{'id': '170', 'title': 'Nice', 'short_title': 'NIC'}","{'h': None, 'a': None}","{'h': None, 'a': None}",2020-07-09 23:00:00,,2019,Ligue_1
13086,False,"{'id': '177', 'title': 'Reims', 'short_title': 'REI'}","{'id': '164', 'title': 'Marseille', 'short_title': 'MAR'}","{'h': None, 'a': None}","{'h': None, 'a': None}",2020-07-09 23:00:00,,2019,Ligue_1
13087,False,"{'id': '176', 'title': 'Bordeaux', 'short_title': 'BOR'}","{'id': '160', 'title': 'Lille', 'short_title': 'LIL'}","{'h': None, 'a': None}","{'h': None, 'a': None}",2020-07-09 23:00:00,,2019,Ligue_1
13088,False,"{'id': '178', 'title': 'Lyon', 'short_title': 'LYO'}","{'id': '241', 'title': 'Brest', 'short_title': 'BRE'}","{'h': None, 'a': None}","{'h': None, 'a': None}",2020-07-09 23:00:00,,2019,Ligue_1
