Player Name,Player ID,Team,Team ID,Country,Matches Played,Minutes Played,Top scorer,Assists,Goals + Assists,FotMob rating,Minutes played,Goals per 90,Expected goals (xG),Expected goals (xG) per 90,Expected goals on target (xGOT),Shots on target per 90,Shots per 90,Accurate passes per 90,Big chances created,Chances created,Accurate long balls per 90,Expected assist (xA),Expected assist (xA) per 90,xG + xA per 90,Successful dribbles per 90,Big chances missed,Tackles per 90,Interceptions per 90,Clearances per 90,Blocks per 90,Possession won final 3rd per 90,Fouls committed per 90,Yellow cards,Penalties conceded,Penalties won,Red cards,Clean sheets,Save percentage,Saves per 90,Goals prevented,Goals conceded per 90
"Erling Haaland",737066,"Manchester City",8456,NOR,29,2418,22,7,29,7.63,2418,0.82,21,0.78,19.1,1.8,3.8,7.5,8,21,0.1,2.1,0.08,0.86,0.5,24,0.5,0.1,1.3,0,0.4,0.7,1,,,,,,,,
"Igor Thiago",1302005,"Brentford",9937,BRA,31,2654,19,1,20,7.2,2654,0.64,17.5,0.59,17.8,1.3,2.4,12.2,5,19,0.3,1.7,0.06,0.65,0.9,17,1,0.3,1.7,0.2,0.5,2,6,,,,,,,,
"Antoine Semenyo",933576,"Manchester City",8456,GHA,29,2588,15,4,19,7.39,2588,0.52,9.9,0.34,11.4,1.3,2.4,19.9,6,33,0.9,2.3,0.08,0.42,1.3,7,1.4,0.3,0.9,0.2,0.7,1.8,6,1,,,,,,,
"João Pedro",1021382,"Chelsea",8455,BRA,31,2323,14,5,19,7.21,2323,0.54,13.5,0.52,14.6,1,2.4,18.3,6,28,0.4,1.9,0.07,0.6,1,11,1,0.2,1,0.2,0.5,1.2,4,,3,,,,,,
"Danny Welbeck",113836,"Brighton and Hove Albion",10204,ENG,30,1826,12,,12,6.81,1826,0.59,10.4,0.51,9.5,1,2.1,15.9,3,18,0.2,1.3,0.06,0.57,0.4,8,1,0.4,1,,0.5,1.1,5,,,,,,,,
"Hugo Ekitiké",1197030,"Liverpool",8650,FRA,28,1810,11,4,15,7.08,1810,0.55,9.9,0.49,9.2,0.9,3.2,15.3,3,21,0.1,2.7,0.13,0.63,1.9,11,0.5,0.1,1.3,0.1,0.7,1.7,,,,,,,,,
"Viktor Gyökeres",664500,"Arsenal",9825,SWE,29,1900,11,,11,6.78,1900,0.52,9.3,0.44,6.8,0.8,2,7.6,3,16,0,1.8,0.08,0.53,0.3,8,0.3,0,0.8,0.1,0.8,1.3,4,,,,,,,,
"Dominic Calvert-Lewin",612150,"Leeds United",8463,ENG,28,2119,10,1,11,6.74,2119,0.42,11.6,0.49,11.3,1.1,2.5,8.3,2,17,0.2,1,0.04,0.53,0.3,14,0.4,0.1,1.1,0.2,0.7,1.4,1,,1,,,,,,
"Harry Wilson",494417,"Fulham",9879,WAL,29,2276,10,6,16,7.26,2276,0.4,5.1,0.2,8.9,0.9,2.6,21.2,7,31,1.2,4.2,0.17,0.37,0.5,,0.9,0.5,1.6,0.1,0.4,0.4,6,,,,,,,,
"Benjamin Sesko",1073977,"Manchester United",10260,SVN,26,1332,9,1,10,6.74,1332,0.61,7.2,0.48,8.8,1.9,3.6,12,,8,0.3,0.2,0.02,0.5,0.4,11,0.3,0.2,0.9,0.1,0.3,1,2,,,,,,,,
"Bruno Guimarães",850354,"Newcastle United",10261,BRA,23,2018,9,4,13,7.63,2018,0.4,4.8,0.22,7.3,0.8,1.4,45.4,5,38,2.9,3.6,0.16,0.38,0.6,3,2.2,0.5,1.3,0,0.7,1.5,5,,2,,,,,,
"Bryan Mbeumo",923312,"Manchester United",10260,CMR,26,2196,9,3,12,7.22,2196,0.37,8.2,0.34,7.9,1.2,2.5,22.5,5,40,0.5,4.3,0.18,0.51,0.6,10,0.9,0.3,0.5,0,0.8,0.8,4,,1,,,,,,
"Cole Palmer",1096353,"Chelsea",8455,ENG,20,1426,9,1,10,7.19,1426,0.57,8.6,0.54,8,1.2,2.8,32.3,3,19,2,1.9,0.12,0.66,1.2,4,1.3,0.8,0.6,,0.9,0.8,4,,,,,,,,
"Junior Kroupi",1460534,"Bournemouth",8678,FRA,26,1161,9,,9,6.84,1161,0.7,5.9,0.46,6.5,1.2,2.6,18.3,2,19,0.6,1,0.08,0.53,0.6,3,0.6,0.6,2,,1.1,1.2,3,,,,,,,,
"Morgan Gibbs-White",789502,"Nottingham Forest",10203,ENG,31,2646,9,2,11,7.02,2646,0.31,8.3,0.28,10.2,0.8,2.2,29.3,3,44,1.3,2.1,0.07,0.36,0.8,6,0.5,0.4,1,0.1,0.5,0.7,1,,1,,,,,,
"Ollie Watkins",540088,"Aston Villa",10252,ENG,30,2305,9,1,10,6.83,2305,0.35,10.3,0.4,9.9,1.1,2.4,11.1,1,16,0.1,1.2,0.05,0.45,0.8,15,0.7,0.2,0.5,,0.5,1.1,3,,,,,,,,
"Raul Jiménez",292313,"Fulham",9879,MEX,30,1986,9,3,12,6.87,1986,0.41,11,0.5,10.3,0.8,2.9,14,2,22,0.7,0.9,0.04,0.54,0.5,9,1.5,0.4,1.3,0.1,0.3,1.9,5,,2,,,,,,
"Richarlison",654908,"Tottenham Hotspur",8586,BRA,26,1504,9,3,12,6.85,1504,0.54,6.3,0.37,9.4,1.2,2.7,9.1,3,16,0.5,1.2,0.07,0.45,0.5,6,1.2,0.2,2.5,0.1,0.5,1.1,5,,,,,,,,
"Bruno Fernandes",422685,"Manchester United",10260,POR,28,2437,8,16,24,8.03,2437,0.3,10.3,0.38,8.6,0.8,2.7,49.2,24,101,4.1,9.1,0.34,0.72,0.6,8,1.7,0.6,1.4,0.2,0.4,0.7,3,1,,,,,,,
"Enzo Fernández",1137705,"Chelsea",8455,ARG,30,2583,8,3,11,7.29,2583,0.28,10.4,0.36,11.5,0.9,2.1,50.5,10,51,2.5,6,0.21,0.57,0.4,8,1.7,0.6,0.9,0,0.3,1,8,,,,,,,,
"Jarrod Bowen",523825,"West Ham United",8654,ENG,31,2778,8,6,14,7.13,2778,0.26,6.2,0.2,6.4,0.7,2.2,15.8,9,32,0.4,4.1,0.13,0.33,1.5,5,1.3,0.6,1.1,0.2,0.7,0.6,5,,,,,,,,
"Jean-Philippe Mateta",706297,"Crystal Palace",9826,FRA,24,1944,8,,8,6.69,1944,0.37,12.1,0.56,9.9,1.2,2.5,8.1,2,6,0.5,1.2,0.06,0.62,0.6,17,0.4,0.2,1.9,0.2,0.6,0.8,2,,1,,,,,,
"Morgan Rogers",883080,"Aston Villa",10252,ENG,31,2757,8,5,13,7.01,2757,0.26,5.8,0.19,7,1,2.4,21.9,10,40,1.1,3.5,0.11,0.3,1.1,3,1,0.4,0.9,0.1,0.7,1.2,6,1,,,,,,,
"Zian Flemming",873559,"Burnley",8191,NED,22,1190,8,,8,6.71,1190,0.61,6,0.46,6.1,1.2,2.9,9.9,,8,0.5,0.3,0.02,0.48,0.2,8,0.8,0.4,1.8,0.3,0.1,2.3,3,,,,,,,,
"Casemiro",208494,"Manchester United",10260,BRA,29,2147,7,2,9,7.29,2147,0.29,4.7,0.2,4.9,0.6,1.8,45.6,4,28,2.9,2.9,0.12,0.32,0.3,5,3,1,2.1,0.7,0.3,1.7,8,,,1,,,,,
"Ismaïla Sarr",771294,"Crystal Palace",9826,SEN,20,1730,7,1,8,7,1730,0.36,8,0.41,6.2,0.7,1.8,14,3,14,0.4,0.7,0.03,0.45,0.5,6,0.9,0.4,1.3,0.2,0.4,0.6,2,,1,,,,,,
"Jaidon Anthony",1171140,"Burnley",8191,ENG,30,2123,7,1,8,6.89,2123,0.3,4,0.17,6.3,0.8,2,22.4,5,31,1.1,2.6,0.11,0.28,1.1,2,1.4,0.6,1,0.3,0.8,0.8,4,1,1,,,,,,
"Kevin Schade",1083796,"Brentford",9937,GER,28,2217,7,3,10,6.88,2217,0.28,10,0.4,8.9,0.9,1.8,12.2,7,24,0.2,1.9,0.08,0.48,0.7,11,1.3,0.7,1.1,0.1,0.4,1.6,6,,1,1,,,,,
"Matheus Cunha",863098,"Manchester United",10260,BRA,28,2075,7,2,9,7.22,2075,0.3,5.9,0.26,5.1,1.3,3.1,25.7,3,26,0.8,2.6,0.11,0.37,1.6,4,1.4,0.7,0.7,0.1,0.7,0.7,1,,2,,,,,,
"Nick Woltemade",1106563,"Newcastle United",10261,GER,27,1674,7,3,10,6.64,1674,0.38,6.4,0.34,7,0.6,1.7,12,3,14,0.4,0.9,0.05,0.39,0.6,6,1.2,0.2,1.1,0.1,0.4,1,,,,,,,,,
"Phil Foden",815006,"Manchester City",8456,ENG,26,1813,7,3,10,7.43,1813,0.35,5.5,0.27,5.2,0.8,2.5,45.9,8,44,1.9,4,0.2,0.47,1.1,4,1.4,0.4,0.6,0.1,0.4,0.8,4,,,,,,,,
"Anthony Gordon",906937,"Newcastle United",10261,ENG,25,1743,6,2,8,6.99,1743,0.31,8.8,0.45,6.2,1,2.4,20.9,5,26,0.9,3.3,0.17,0.63,1.7,9,1,0.2,0.7,,0.5,0.7,3,,1,1,,,,,
"Beto",1079485,"Everton",8668,GNB,31,1205,6,1,7,6.45,1205,0.45,7.2,0.54,6.4,1,2.4,7.6,1,8,,0.2,0.02,0.55,0.8,8,1,0.1,2.4,0.1,0.5,2.1,2,,,,,,,,
"Brian Brobbey",940446,"Sunderland",8472,NED,24,1368,6,1,7,6.53,1368,0.39,3.8,0.25,5.2,0.8,1.6,8.7,2,10,0.1,0.5,0.03,0.28,0.1,7,0.5,,0.5,0.3,0.3,1.3,4,1,1,,,,,,
"Bukayo Saka",961995,"Arsenal",9825,ENG,27,2001,6,3,9,7.49,2001,0.27,7,0.31,5.7,1.2,2.8,23.6,9,52,0.6,5.8,0.26,0.57,2.2,8,1.6,0.6,0.4,,1.1,1.3,1,,,,,,,,
"Cody Gakpo",806552,"Liverpool",8650,NED,29,2152,6,3,9,7.21,2152,0.25,6.7,0.28,4.8,0.7,2.9,21.2,9,44,0.6,4.3,0.18,0.46,1.2,5,1,0.4,0.8,0.1,0.7,1.3,2,,1,,,,,,
"Eberechi Eze",818975,"Arsenal",9825,ENG,26,1504,6,2,8,6.99,1504,0.36,3.8,0.22,4.5,1,2.9,26.2,4,13,0.8,2.2,0.13,0.36,1.4,1,1,0.5,0.6,0.1,0.9,1,1,,,,,,,,
"Evanilson",1098096,"Bournemouth",8678,BRA,29,2206,6,,6,6.73,2206,0.24,8.2,0.33,6.9,0.9,2.4,11.5,2,25,0.1,1.1,0.05,0.38,0.5,8,0.3,0.1,0.9,0.1,0.5,0.7,1,,2,,,,,,
"Iliman Ndiaye",965764,"Everton",8668,SEN,25,2156,6,3,9,7.33,2156,0.25,5.1,0.21,7.2,0.7,1.3,26.7,6,23,0.3,4.2,0.17,0.39,2.3,1,2.4,0.5,0.6,0.1,0.9,1.1,2,,,,,,,,
"Kiernan Dewsbury-Hall",886016,"Everton",8668,ENG,24,2013,6,3,9,7.2,2013,0.27,3.3,0.15,3.5,0.5,1.3,29.9,8,27,0.9,4.1,0.18,0.33,0.9,1,1.8,0.4,1.1,0.1,0.7,1.1,6,1,,,,,,,
"Lukas Nmecha",861197,"Leeds United",8463,GER,25,874,6,1,7,6.37,874,0.62,6.2,0.64,7.1,1.4,2.3,11,1,6,0.4,0.9,0.09,0.74,0.2,6,0.8,0.3,0.8,0.1,0.6,1.6,,,,,,,,,
"Thierno Barry",1398392,"Everton",8668,FRA,31,1645,6,,6,6.45,1645,0.33,6.1,0.34,4.2,0.5,1.8,10.3,2,9,0.1,0.4,0.02,0.36,0.4,9,0.2,0.3,1.1,0.1,0.4,2,3,,,,,,,,
"Callum Wilson",184321,"West Ham United",8654,ENG,25,1046,5,1,6,6.44,1046,0.43,6.5,0.56,5.7,1,2.8,7.2,,7,0.1,0.4,0.03,0.6,0.9,6,0.3,0.3,0.3,0.2,0.7,0.9,,,,,,,,,
"Crysencio Summerville",941213,"West Ham United",8654,NED,24,1864,5,1,6,7.02,1864,0.24,4.3,0.21,4.5,0.7,2.1,19.5,2,20,0.3,2,0.1,0.3,1.6,5,1.5,0.6,1.3,0.1,0.5,1.8,4,,1,,,,,,
"Dango Ouattara",1250253,"Brentford",9937,BFA,25,1718,5,3,8,6.94,1718,0.26,5.3,0.28,4,0.6,1.9,11.7,10,20,0.6,3.3,0.17,0.45,0.9,9,0.9,1,2.3,,0.4,1.1,4,,4,,,,,,
"Diego Gómez",1354561,"Brighton and Hove Albion",10204,PAR,28,1944,5,1,6,6.96,1944,0.23,5.3,0.25,4.3,0.6,1.6,24.9,4,21,0.8,1.6,0.07,0.32,0.8,6,3.4,0.7,1.3,0.1,0.8,2,9,1,,,,,,,
"Dominik Szoboszlai",846005,"Liverpool",8650,HUN,29,2603,5,3,8,7.48,2603,0.17,3.9,0.13,2.8,0.7,2,54.8,7,58,3.7,5.2,0.18,0.31,0.8,3,1.5,0.8,1.8,0.3,0.5,1,7,,,1,,,,,
"Emiliano Buendía",610184,"Aston Villa",10252,ARG,29,1457,5,2,7,6.74,1457,0.31,2.9,0.18,3.4,0.6,2.5,28,2,23,1.2,1.9,0.12,0.3,0.5,2,2.3,0.6,1.1,0.2,0.8,2.1,6,,,,,,,,
"Harvey Barnes",760359,"Newcastle United",10261,ENG,30,1657,5,,5,6.62,1657,0.27,6.2,0.33,5.3,1,2.7,21,3,18,0.3,2.2,0.12,0.45,0.6,9,0.7,0.2,0.8,0.1,0.4,0.8,1,,,,,,,,
"Leandro Trossard",318615,"Arsenal",9825,BEL,26,1685,5,5,10,7.08,1685,0.27,4.8,0.26,4,0.6,2.4,25.9,4,30,1.5,2.7,0.14,0.4,0.9,6,1.3,0.4,0.6,0.1,0.4,0.7,1,,,,,,,,
"Marcus Tavernier",789630,"Bournemouth",8678,ENG,27,2126,5,4,9,7.17,2126,0.21,7.2,0.3,4.7,0.8,2.5,30.9,5,37,1.1,3.2,0.14,0.44,1.1,7,1.4,0.6,1.4,0.2,0.8,1.1,4,,,,,,,,
"Martín Zubimendi",1031325,"Arsenal",9825,ESP,31,2604,5,1,6,7.27,2604,0.17,2.8,0.1,3.6,0.3,0.9,51.6,1,16,1.7,2.2,0.08,0.17,0.2,2,1.9,1.2,2.2,0.2,0.2,0.9,4,,,,,,,,
"Mohamed Salah",292462,"Liverpool",8650,EGY,22,1820,5,6,11,7.03,1820,0.25,6.8,0.34,5,0.7,2.8,23.5,10,44,0.6,4.3,0.21,0.55,0.6,10,0.5,0.2,0.3,0,0.9,0.5,1,,,,,,,,
"Pedro Neto",843040,"Chelsea",8455,POR,29,2219,5,4,9,7.07,2219,0.2,4.4,0.18,3.7,0.4,1.6,28.1,11,44,1.1,5.6,0.23,0.41,1.6,3,0.6,0.2,0.4,,0.5,0.4,2,,,1,,,,,
"Tijjani Reijnders",868344,"Manchester City",8456,NED,26,1499,5,2,7,6.99,1499,0.3,4,0.24,3.6,0.9,2.5,39.6,4,17,0.7,2.3,0.14,0.38,1.1,4,0.6,0.6,1.1,0.1,0.8,1.1,2,,,,,,,,
"Alex Iwobi",604785,"Fulham",9879,NGA,25,2144,4,3,7,7.03,2144,0.17,1.4,0.06,1.9,0.5,1.2,44.4,4,39,2.8,4,0.17,0.23,0.6,,0.9,0.5,0.7,0.1,0.3,0.3,3,,,,,,,,
"Anton Stach",881735,"Leeds United",8463,GER,26,2142,4,3,7,7.31,2142,0.17,2.5,0.11,2.8,0.5,2,28.7,9,58,1.7,4.3,0.18,0.29,0.8,1,2.4,0.8,2,0.4,0.9,1.3,3,1,,,,,,,
"Brenden Aaronson",952322,"Leeds United",8463,USA,30,1987,4,3,7,6.64,1987,0.18,4.1,0.19,4.4,0.7,1.9,19.4,8,26,0.3,3,0.14,0.32,1,4,2,0.5,0.5,0.1,0.5,0.8,1,1,,,,,,,
"Chemsdine Talbi",1368654,"Sunderland",8472,MAR,23,1327,4,1,5,6.61,1327,0.27,2,0.14,3.4,0.6,1.5,18.4,,12,0.8,1,0.07,0.2,1,2,0.5,0.1,1,0.1,0.3,0.3,,,,,,,,,
"Cristian Romero",789066,"Tottenham Hotspur",8586,ARG,22,1802,4,1,5,7.04,1802,0.2,1.3,0.06,2.6,0.3,0.8,47.7,4,10,2.3,1.3,0.06,0.13,0.4,1,2.7,1.4,4.5,0.7,0.1,1.4,8,,,2,,,,,
"Declan Rice",654096,"Arsenal",9825,ENG,30,2585,4,5,9,7.64,2585,0.14,2.9,0.1,4.3,0.4,1.3,54.9,14,58,2.5,6.1,0.21,0.31,0.4,3,2,1,2.3,0.4,0.4,0.7,2,,,,,,,,
"Donyell Malen",660301,"Aston Villa",10252,NED,21,645,4,1,5,6.5,645,0.56,4,0.56,2.9,1.3,3.8,10.2,,7,0.1,0.3,0.05,0.61,1.1,5,0.6,,0.3,,0.1,0.3,,,,,,,,,
"Enzo Le Fée",1049999,"Sunderland",8472,FRA,29,2305,4,4,8,7.03,2305,0.16,4.5,0.18,4.2,0.2,0.9,27.3,5,36,1,3.4,0.13,0.31,0.4,1,2.7,0.9,1.2,0.4,0.5,1,5,,,,,,,,
"Florian Wirtz",1152455,"Liverpool",8650,GER,27,2015,4,2,6,7.19,2015,0.18,5.7,0.26,5.8,0.7,1.9,45.8,4,50,1.5,4.4,0.2,0.45,1.6,6,1.4,0.4,0.4,0,0.7,0.8,1,,,,,,,,
"John McGinn",356406,"Aston Villa",10252,SCO,24,1735,4,2,6,6.89,1735,0.21,2.6,0.13,2.8,0.4,1,25.5,4,27,1.6,2.1,0.11,0.24,0.5,3,1.4,0.6,0.7,0.3,0.9,1.3,3,,,,,,,,
"Jørgen Strand Larsen",821100,"Crystal Palace",9826,NOR,28,1874,4,1,5,6.24,1874,0.19,4.2,0.2,3.9,0.6,1.5,12,1,9,0.2,0.7,0.03,0.23,0.2,4,0.3,0.2,1.5,0.3,0.2,2.2,4,,,,,,,,
"Lucas Paquetá",766435,"West Ham United",8654,BRA,18,1521,4,1,5,6.95,1521,0.24,2.8,0.17,2.6,0.7,1.4,36,6,23,1.5,2.1,0.12,0.29,0.9,1,2.3,0.5,1,0.4,0.5,1.7,5,1,,1,,,,,
"Malick Thiaw",1137407,"Newcastle United",10261,GER,28,2334,4,,4,7.02,2334,0.15,3.7,0.14,4.6,0.5,1,45.4,1,6,2.7,0.9,0.03,0.18,0.2,5,1.2,1,6.1,1.1,,0.7,3,1,,,,,,,
"Micky van de Ven",1097466,"Tottenham Hotspur",8586,NED,28,2413,4,1,5,6.67,2413,0.15,2.5,0.09,4.1,0.2,0.6,46,1,5,2.1,0.3,0.01,0.11,0.3,1,1.2,0.8,4.1,0.7,,0.8,7,1,,1,,,,,
"Mikel Merino",574645,"Arsenal",9825,ESP,21,999,4,3,7,6.97,999,0.36,3,0.27,3.7,0.7,1.9,24.2,4,12,0.6,1.5,0.13,0.4,0.5,4,2.3,0.9,1.7,0.2,0.7,1.9,1,,,,,,,,
"Nico O'Reilly",1300526,"Manchester City",8456,ENG,28,2134,4,3,7,7.15,2134,0.17,4,0.17,3.6,0.4,1.3,39.2,5,18,0.4,1.7,0.07,0.24,0.8,5,2.6,0.7,2.4,0.3,0.3,1.4,4,,,,,,,,
"Noah Okafor",915797,"Leeds United",8463,SUI,24,1298,4,,4,6.74,1298,0.28,4.2,0.29,4.7,0.7,1.9,13.2,2,14,1.3,1,0.07,0.36,2.3,3,1.4,0.7,0.8,,0.5,1.1,3,,,,,,,,
"Ryan Gravenberch",956683,"Liverpool",8650,NED,29,2521,4,3,7,7.35,2521,0.14,1.7,0.06,2.8,0.3,1.1,51.7,4,24,0.7,2,0.07,0.13,0.9,,1.8,1.5,1.6,0.4,0.3,1.1,5,,,,,,,,
"Tomás Soucek",524437,"West Ham United",8654,CZE,28,1595,4,,4,6.8,1595,0.23,4.4,0.25,4.9,0.6,1,27.7,1,9,0.9,0.4,0.02,0.27,0.2,4,1.6,0.8,3.9,0.5,0.2,1.6,2,,,1,,,,,
"Wilson Isidor",887703,"Sunderland",8472,FRA,26,1066,4,,4,6.29,1066,0.34,3.7,0.32,3.5,1.2,3.2,5.2,,,,0.2,0.02,0.33,0.5,2,0.8,,1.3,0.1,0.3,1.1,1,,,,,,,,
"Amine Adli",1079557,"Bournemouth",8678,MAR,27,1032,3,1,4,6.75,1032,0.26,2.5,0.22,3.2,0.8,1.7,26.1,1,15,0.2,1.6,0.14,0.36,0.7,3,3,0.5,1.5,0.2,0.4,2.3,2,,1,,,,,,
"Callum Hudson-Odoi",846383,"Nottingham Forest",10203,ENG,29,1754,3,3,6,6.81,1754,0.15,2.7,0.14,2.7,0.5,1.4,29,5,39,1.1,2.7,0.14,0.28,1.5,1,0.7,0.4,0.6,0.1,0.4,0.6,,,,,,,,,
"Daniel Muñoz",859282,"Crystal Palace",9826,COL,21,1781,3,2,5,7.22,1781,0.15,2,0.1,2.8,0.4,1,24.9,5,20,1.1,3.4,0.17,0.27,0.1,,2.6,1.1,3.5,0.1,0.3,1.2,5,,,,,,,,
"Dominic Solanke",591734,"Tottenham Hotspur",8586,ENG,12,780,3,,3,,780,,1.8,,3.3,,,,,5,,0.2,,,,2,,,,,,,1,,,,,,,,
"Emile Smith Rowe",889534,"Fulham",9879,ENG,30,1466,3,,3,6.72,1466,0.18,4.3,0.26,4.3,0.6,1.7,40.8,1,17,0.4,1,0.06,0.32,0.7,4,1.4,1.2,0.7,0.1,0.4,0.2,1,,,,,,,,
"Gabriel",795179,"Arsenal",9825,BRA,25,2166,3,4,7,7.44,2166,0.12,1.9,0.08,1.7,0.2,0.7,52.3,5,6,2.6,1.7,0.07,0.15,0,3,1.3,0.7,6.2,1,0.1,0.6,3,,,,,,,,
"Igor Jesus",1082102,"Nottingham Forest",10203,BRA,30,1811,3,3,6,6.39,1811,0.15,4.7,0.23,2.8,0.6,2.7,11.8,4,10,0.4,1.1,0.05,0.28,0.4,3,0.9,0.1,1.2,0.1,0.4,1.6,,,,,,,,,
"Jacob Murphy",521148,"Newcastle United",10261,ENG,26,1246,3,1,4,6.68,1246,0.22,3,0.22,1.7,0.9,2.7,20.5,9,18,1.1,2.5,0.18,0.4,1.3,3,0.9,0.1,0.9,0.1,0.4,0.4,1,1,,,,,,,
"Jan Paul van Hecke",974618,"Brighton and Hove Albion",10204,NED,29,2581,3,2,5,7.16,2581,0.1,2.2,0.08,3.8,0.3,0.7,60.4,2,10,3.7,1.2,0.04,0.12,0.1,2,1.5,1.1,5.4,0.9,0.1,0.8,7,1,,,,,,,
"João Palhinha",524434,"Tottenham Hotspur",8586,POR,26,1779,3,2,5,6.93,1779,0.15,1.3,0.07,3,0.3,1.2,32.7,1,6,1.4,0.6,0.03,0.09,0.4,,4.9,1.2,2.3,0.5,0.2,1.1,6,,,,,,,,
"Jurriën Timber",942381,"Arsenal",9825,NED,30,2457,3,5,8,7.26,2457,0.11,4.7,0.17,4.2,0.3,0.9,33.9,4,27,0.7,1.6,0.06,0.23,0.5,7,2.4,0.9,1.9,0.2,0.3,1.4,5,,1,,,,,,
"Keane Lewis-Potter",1010426,"Brentford",9937,ENG,29,1340,3,2,5,6.65,1340,0.2,2.2,0.15,1.9,0.5,1.4,18,4,13,0.9,1.3,0.09,0.24,0.7,,1.1,0.5,1.5,0.1,0.4,0.8,1,,,,,,,,
"Lesley Ugochukwu",1200631,"Burnley",8191,FRA,30,1982,3,1,4,6.51,1982,0.14,2.3,0.1,2.4,0.3,0.9,25.3,,8,1,0.3,0.01,0.12,0.5,1,2.1,0.7,0.9,0.8,0.2,1.1,1,1,,1,,,,,
"Lyle Foster",881500,"Burnley",8191,RSA,23,1307,3,2,5,6.29,1307,0.21,3,0.21,2.5,0.3,1.2,12.7,2,10,0.4,0.5,0.03,0.24,0.7,3,1,0.3,1.3,0.2,0.5,1.4,4,,,,,,,,
"Mason Mount",750032,"Manchester United",10260,ENG,18,820,3,,3,6.82,820,0.33,1.5,0.16,1,0.5,2,28.1,1,13,2.1,1.4,0.15,0.32,0.5,1,1.5,0.3,0.4,,1,1.3,,,1,,,,,,
"Mateus Fernandes",1356312,"West Ham United",8654,POR,29,2399,3,3,6,7.2,2399,0.11,1.2,0.05,1.1,0.2,0.8,39.5,2,29,2.9,2.2,0.08,0.13,0.9,,3,1.1,1.1,0.4,0.5,1.5,6,,,,,,,,
"Mathys Tel",1288111,"Tottenham Hotspur",8586,FRA,24,898,3,,3,6.61,898,0.3,2,0.2,2.5,0.7,2.7,16.9,1,20,1.1,1.3,0.13,0.33,3,3,1.6,0.2,0.7,0.1,0.7,1.2,,,,,,,,,
"Matty Cash",729731,"Aston Villa",10252,POL,28,2446,3,2,5,7.07,2446,0.11,1.1,0.04,1.6,0.3,1,35.8,4,24,1.7,2.7,0.1,0.14,0.4,,1.9,0.7,2.8,0.4,0.1,1.4,7,,,,,,,,
"Michael Keane",290410,"Everton",8668,ENG,27,2137,3,,3,7.08,2137,0.13,1.9,0.08,2.1,0.3,0.9,32.4,,1,2.2,0.2,0.01,0.09,0.2,3,1.3,1.4,7.3,0.9,0,0.6,,,,1,,,,,
"Mikkel Damsgaard",888912,"Brentford",9937,DEN,26,1578,3,4,7,6.97,1578,0.17,1.9,0.11,2.9,0.5,1.1,29.4,10,32,1.4,4.1,0.24,0.34,0.7,2,2.5,1.1,0.7,0.2,1.1,0.9,,,,,,,,,
"Moisés Caicedo",1137668,"Chelsea",8455,ECU,26,2185,3,1,4,7.23,2185,0.12,1.3,0.05,1.5,0.3,0.9,60.3,3,13,1.9,2,0.08,0.14,0.4,1,3.1,2.1,0.9,0.6,0.3,1.7,9,1,,1,,,,,
"Patrick Dorgu",1526560,"Manchester United",10260,DEN,22,1333,3,3,6,7.23,1333,0.2,1.8,0.12,2,0.5,1.4,24,5,24,0.4,1.4,0.1,0.22,0.7,2,3.2,0.9,2.1,0.2,0.2,1.3,5,,,,,,,,
"Rayan Cherki",1104053,"Manchester City",8456,FRA,25,1308,3,8,11,7.29,1308,0.21,2.5,0.17,2.7,0.6,2.3,56.1,15,42,1.5,6.6,0.46,0.63,2.5,1,1.7,0.5,0.4,0.1,1,0.9,1,,,,,,,,
"Rodrigo Gomes",1192166,"Wolverhampton Wanderers",8602,POR,15,602,3,,3,,602,0.45,1.7,0.25,1.5,0.9,2.1,20.5,,3,0.3,0.3,0.05,0.3,0.4,,2.5,0.9,1.8,0.3,0.7,0.6,,,,,,,,,
"Samuel Chukwueze",688300,"Fulham",9879,NGA,17,805,3,4,7,6.97,805,0.34,1.9,0.21,2.6,0.7,2.3,25.6,4,18,1.6,3,0.33,0.54,1.9,2,0.7,0.7,1,0.1,0.8,0.6,,,,,,,,,
"Tolu Arokodare",1072864,"Wolverhampton Wanderers",8602,NGA,27,1237,3,1,4,6.62,1237,0.22,4.6,0.34,3.9,0.9,2.8,11,1,11,0.1,0.4,0.03,0.37,1.3,8,0.4,0.4,2.5,0.1,0.4,1.2,1,,,,,,,,
"Trevoh Chalobah",793907,"Chelsea",8455,ENG,29,2552,3,,3,7.12,2552,0.11,1.3,0.05,2.5,0.2,0.5,69.4,1,4,1.7,1,0.04,0.08,0.2,2,1.2,1.2,5.8,0.5,0.1,0.7,3,,,1,,,,,
"Virgil van Dijk",209405,"Liverpool",8650,NED,31,2790,3,,3,7.23,2790,0.1,2.7,0.09,3.2,0.3,0.7,67.3,,11,4.1,1.1,0.04,0.12,0.1,6,0.6,0.6,7.5,0.5,0,0.5,4,1,,,,,,,
"Yasin Ayari",1168311,"Brighton and Hove Albion",10204,SWE,24,1722,3,2,5,7.08,1722,0.16,2.6,0.14,1.7,0.5,2.1,39.4,2,13,2,1.1,0.06,0.19,0.7,,2.2,1.2,1.1,0.2,0.7,1,1,,,,,,,,
"Alex Scott",1233655,"Bournemouth",8678,ENG,31,2320,2,1,3,7.11,2320,0.08,3.3,0.13,2,0.4,1.5,36.2,3,20,1.6,1.7,0.07,0.2,1,2,1.9,1.2,2.6,0.4,0.4,1.4,3,1,,,,,,,
"Alexander Isak",690107,"Liverpool",8650,SWE,10,508,2,1,3,,508,,2,,1.7,,,,1,2,,0.1,,,,5,,,,,,,,,,,,,,,
"Alexis Mac Allister",831489,"Liverpool",8650,ARG,30,2184,2,2,4,6.89,2184,0.08,3.3,0.14,2.6,0.5,1.8,41.5,2,25,1.6,1.3,0.05,0.19,0.4,2,1.8,0.8,1.2,0.3,0.4,0.9,5,,,,,,,,
"Amad",1070052,"Manchester United",10260,CIV,25,1919,2,2,4,7.38,1919,0.09,4.7,0.22,3.4,0.8,2,32.4,5,38,1,3.5,0.17,0.39,1.7,4,1.5,0.7,1.2,0,0.4,0.8,2,,1,,,,,,
"Amadou Onana",1185748,"Aston Villa",10252,BEL,22,1567,2,,2,6.91,1567,0.11,1.4,0.08,1.7,0.3,0.9,37.3,,5,2.3,0.6,0.04,0.12,0.3,3,2.5,1.3,3.2,0.9,0.2,1,2,,,,,,,,
"Ao Tanaka",935728,"Leeds United",8463,JPN,21,763,2,,2,6.69,763,0.24,0.8,0.1,1.3,0.4,1.4,39,1,8,1.1,0.7,0.08,0.18,0.1,,2,1.4,0.8,0.1,0.6,0.9,1,,,,,,,,
"Archie Gray",1323305,"Tottenham Hotspur",8586,ENG,21,1377,2,2,4,6.54,1377,0.13,1.4,0.09,2.1,0.3,0.7,27.6,3,8,1.4,1.2,0.08,0.17,0.4,,0.7,0.9,2.7,0.3,0.1,0.7,5,,,,,,,,
"Bernardo Silva",488139,"Manchester City",8456,POR,30,2254,2,4,6,7.13,2254,0.08,1.5,0.06,1.1,0.2,0.7,59.4,7,35,2,3.4,0.13,0.2,0.6,1,1.3,0.6,1.1,0.2,0.6,1.4,9,,,,,,,,
"Brennan Johnson",1076756,"Crystal Palace",9826,WAL,27,1231,2,1,3,6.59,1231,0.15,1.8,0.13,1.6,0.4,1.2,13.4,1,14,0.6,0.9,0.07,0.2,0.4,1,1.5,0.2,1.6,0.1,0.6,1,5,,,,,,,,
"Charalampos Kostoulas",1561249,"Brighton and Hove Albion",10204,GRE,16,294,2,1,3,,294,0.61,1.7,0.53,1.9,1.8,4.6,21.7,2,6,0.3,0.2,0.07,0.6,2.4,2,3.4,0.3,1.2,,1.5,1.8,2,,,,,,,,
"Chris Wood",169719,"Nottingham Forest",10203,NZL,8,544,2,,2,,544,,2.8,,2.2,,,,,3,,0.1,,,,3,,,,,,,,,,,,,,,
"Daniel Ballard",974268,"Sunderland",8472,NIR,26,2007,2,,2,7.03,2007,0.09,2.4,0.11,2.3,0.4,1.1,37.9,3,15,2.6,0.6,0.03,0.13,0.1,7,1.4,0.9,8.1,1,0,1.1,3,,1,,,,,,
"Edward Nketiah",860920,"Crystal Palace",9826,ENG,12,416,2,,2,,416,,1.8,,2.6,,,,1,7,,0.5,,,,1,,,,,,,2,,,,,,,,
"Eliezer Mayenda",1391052,"Sunderland",8472,ESP,19,755,2,,2,6.24,755,0.24,2.1,0.26,3.8,0.7,1.5,6.7,2,4,0.1,0.2,0.03,0.28,1.3,1,0.6,0.1,0.6,0.1,0.2,0.7,,,,,,,,,
"Elliot Anderson",1089691,"Nottingham Forest",10203,ENG,31,2774,2,2,4,7.5,2774,0.06,2.5,0.08,1.5,0.3,1.2,55.7,6,48,3.4,3.5,0.11,0.19,1.3,1,2.9,1.1,1.2,0.4,0.6,1.5,6,1,,,,,,,
"Estêvão",1580774,"Chelsea",8455,BRA,20,762,2,2,4,6.75,762,0.24,2.8,0.33,3.7,0.8,3.1,24.7,4,15,0.5,2.2,0.26,0.59,3.4,2,1.3,0.5,0.6,,0.6,1.3,3,,1,,,,,,
"Federico Chiesa",784510,"Liverpool",8650,ITA,23,278,2,1,3,,278,0.65,1.4,0.46,1.7,1.3,5.2,24.3,2,3,0.3,0.6,0.2,0.66,0.6,1,2.6,1.3,2.3,0.6,,2.9,3,,,,,,,,
"Gabriel Jesus",576165,"Arsenal",9825,BRA,11,306,2,,2,,306,,1.8,,2,,,,,1,,0.2,,,,3,,,,,,,2,,,,,,,,
"Georginio Rutter",956925,"Brighton and Hove Albion",10204,FRA,25,1612,2,2,4,6.62,1612,0.11,2.4,0.13,2.8,0.7,2,15,6,21,0.8,2.2,0.12,0.26,1.4,2,1.5,0.5,1.4,0.1,0.9,1.5,2,,1,,,,,,
"Habib Diarra",1285866,"Sunderland",8472,SEN,14,1102,2,,2,,1102,,2.3,,1.6,,,,,2,,0.5,,,,1,,,,,,,4,,1,,,,,,
"Hee-Chan Hwang",620026,"Wolverhampton Wanderers",8602,KOR,20,1155,2,1,3,6.37,1155,0.16,2.1,0.16,2.6,0.5,1.2,18.3,1,10,0.9,0.9,0.07,0.24,0.6,2,0.6,0.6,1.1,,0.2,1.7,3,,,,,,,,
"Ibrahim Sangaré",795371,"Nottingham Forest",10203,CIV,23,1770,2,2,4,6.92,1770,0.1,1.1,0.06,2,0.3,0.8,35.5,2,9,1.6,1.7,0.08,0.14,0.5,1,2.6,0.9,2.2,0.8,0.2,1.8,5,2,,,,,,,
"Idrissa Gana Gueye",179410,"Everton",8668,SEN,22,1851,2,2,4,7.08,1851,0.1,1.5,0.07,1.3,0.3,1.3,40.4,1,12,0.9,1,0.05,0.12,0.3,,2,1.3,0.9,0.3,0.2,0.9,1,,,1,,,,,
"Jack Grealish",312765,"Everton",8668,ENG,20,1631,2,6,8,7.21,1631,0.11,2.1,0.12,2.2,0.4,1.4,26.6,5,38,1,3.6,0.2,0.32,1.3,4,1.2,0.7,0.6,0.3,0.9,0.7,3,,,1,,,,,
"Jacob Ramsey",1021929,"Newcastle United",10261,ENG,21,1076,2,1,3,6.72,1076,0.17,1,0.09,1.2,0.3,1.1,39.1,,15,0.8,0.9,0.07,0.16,0.8,1,2.2,0.7,0.5,0.3,0.9,1.3,3,1,,1,,,,,
"James Garner",950474,"Everton",8668,ENG,31,2784,2,6,8,7.48,2784,0.06,1.9,0.06,1.3,0.4,1.3,40.7,11,44,1.6,4.8,0.15,0.22,0.5,,3,1.6,2.4,0.3,0.3,0.9,7,,,,,,,,
"Joe Rodon",717174,"Leeds United",8463,WAL,29,2547,2,,2,6.72,2547,0.07,1.2,0.04,1.3,0.1,0.5,41.1,1,5,1.3,0.4,0.01,0.06,0,1,1.1,1,5.8,0.6,0,0.4,1,,,,,,,,
"Joelinton",535936,"Newcastle United",10261,BRA,24,1689,2,1,3,6.94,1689,0.11,2.1,0.11,4.2,0.5,1.5,32.5,3,15,1,1.1,0.06,0.17,0.6,1,2,1.3,2,0.2,0.5,2,9,,,,,,,,
"Josh Cullen",623716,"Burnley",8191,IRL,18,1519,2,2,4,6.89,1519,0.12,0.9,0.05,2.1,0.4,0.7,43.1,4,13,2.5,1.4,0.08,0.13,0.1,,1.8,1.3,2.1,0.7,0.2,0.9,2,1,,,,,,,
"Joshua Zirkzee",950830,"Manchester United",10260,NED,18,509,2,1,3,,509,0.35,2.4,0.42,1.5,1.2,3.7,27.6,2,10,0.4,0.3,0.06,0.48,0.9,4,1.4,0.2,1.4,0.4,0.4,1.4,1,,,,,,,,
"Josko Gvardiol",1070712,"Manchester City",8456,CRO,16,1304,2,2,4,7.29,1304,0.14,2.3,0.16,2.3,0.3,1.1,61.7,1,4,2.6,0.7,0.05,0.21,0.1,2,1.2,0.9,4.1,0.6,,1.1,2,1,,,,,,,
"Justin Kluivert",794253,"Bournemouth",8678,NED,18,920,2,,2,6.59,920,0.2,2.2,0.22,0.7,0.4,1.6,26.5,3,21,1.2,1.5,0.15,0.37,1.1,1,1,0.4,0.2,0.1,1,1.5,4,,,,,,,,
"Kaoru Mitoma",862608,"Brighton and Hove Albion",10204,JPN,20,1426,2,1,3,6.81,1426,0.13,3.3,0.21,2.8,0.7,1.5,23.5,3,26,0.6,2.5,0.16,0.36,1.5,7,0.8,0.6,0.8,,0.4,1.5,3,,,,,,,,
"Ladislav Krejcí",798029,"Wolverhampton Wanderers",8602,CZE,24,2040,2,1,3,6.52,2040,0.09,2,0.09,2.5,0.4,0.7,41.6,1,7,3.5,1.3,0.06,0.15,0,2,1,1.2,4.6,0.5,,1.3,3,,,1,,,,,
"Malo Gusto",1197250,"Chelsea",8455,FRA,28,1744,2,3,5,6.96,1744,0.1,1.5,0.08,1.4,0.3,0.6,44.7,3,18,1.5,1.9,0.1,0.17,0.5,1,2.2,1.2,1.5,0.2,0.5,0.8,2,,,1,,,,,
"Marc Guéhi",844425,"Manchester City",8456,ENG,28,2520,2,2,4,7.34,2520,0.07,3.6,0.13,3.1,0.3,1,54.3,5,14,2.3,2,0.07,0.2,0.2,6,1.3,1.4,4.9,0.6,0.1,0.6,5,,1,,,,,,
"Mateus Mané",1609213,"Wolverhampton Wanderers",8602,ENG,20,1282,2,1,3,6.64,1282,0.14,1.4,0.1,2.1,0.8,2.1,15.9,2,14,0.4,1.7,0.12,0.21,1.3,,1.2,0.3,1.5,0.1,0.5,1.5,,,2,,,,,,
"Mathias Jensen",650616,"Brentford",9937,DEN,29,1656,2,1,3,6.69,1656,0.11,2.1,0.11,1.2,0.3,1.3,33.9,8,20,3.2,4,0.22,0.33,0.8,2,1.7,0.7,1.5,0.2,0.4,0.8,3,,,,,,,,
"Maxim De Cuyper",1134871,"Brighton and Hove Albion",10204,BEL,24,1154,2,,2,6.65,1154,0.16,1.7,0.13,1.9,0.5,0.9,35.3,6,19,0.8,2.2,0.17,0.3,0.3,1,1.5,0.8,1.7,0.1,0.6,1.2,2,1,,,,,,,
"Milos Kerkez",1195281,"Liverpool",8650,HUN,28,2035,2,1,3,6.95,2035,0.09,1.6,0.07,1.1,0.1,0.4,36.7,3,24,1.1,0.7,0.03,0.1,0.5,,1.8,0.6,2.8,0.4,0.1,0.8,4,,,,,,,,
"Mohammed Kudus",891743,"Tottenham Hotspur",8586,GHA,19,1545,2,5,7,6.99,1545,0.12,1.9,0.11,2.6,0.5,1.5,22.1,3,23,1.1,2.4,0.14,0.25,3,3,1.7,0.2,0.3,,0.7,1.3,3,,,,,,,,
"Nicolò Savona",1622290,"Nottingham Forest",10203,ITA,14,1026,2,,2,,1026,,1.3,,1.6,,,,1,7,,0.4,,,,,,,,,,,2,,,,,,,,
"Noni Madueke",1084981,"Arsenal",9825,ENG,20,899,2,1,3,6.76,899,0.2,1,0.1,1.9,0.7,2,22.6,4,17,0.8,2,0.2,0.31,2.4,2,1.6,0.4,0.6,0.1,0.7,1.2,,,,,,,,,
"Pape Sarr",1107280,"Tottenham Hotspur",8586,SEN,22,1322,2,3,5,6.82,1322,0.14,1.5,0.1,2,0.4,1.1,34.9,2,8,1.4,1.1,0.07,0.18,0.7,1,2.2,1.2,3.1,0.7,0.3,1.8,2,,,,,,,,
"Rayan",1478295,"Bournemouth",8678,BRA,8,626,2,1,3,,626,,1.3,,1.5,,,,2,10,,1.2,,,,,,,,,,,1,1,,,,,,,
"Reece James",807729,"Chelsea",8455,ENG,27,1896,2,4,6,7.28,1896,0.09,1,0.05,2,0.3,1,53.7,8,27,2.7,3.1,0.15,0.2,0.5,,2.2,1.5,1.9,0.3,0.3,1.3,4,,,,,,,,
"Ross Barkley",215384,"Aston Villa",10252,ENG,14,393,2,,2,,393,,0.7,,1.4,,,,3,7,,1.2,,,,,,,,,,,,,,,,,,,
"Rúben Dias",614006,"Manchester City",8456,POR,25,2050,2,,2,7.22,2050,0.09,0.6,0.02,0.9,0.2,0.4,68.9,,6,2.1,0.6,0.03,0.05,0.1,1,0.6,1,5,0.7,0.1,0.6,3,,,,,,,,
"Ryan Christie",439369,"Bournemouth",8678,SCO,21,716,2,,2,6.61,716,0.25,1.6,0.2,2.2,0.8,2.5,39.8,1,8,2.1,0.6,0.07,0.27,1.9,,2.5,1,1.9,0.3,1.3,1.8,2,,,,,,,,
"Ryan Sessegnon",773991,"Fulham",9879,ENG,24,1639,2,1,3,6.61,1639,0.11,1.2,0.06,0.9,0.2,0.7,26.3,3,12,1.1,1.8,0.1,0.16,0.4,1,2.4,1.2,3.4,0.4,0.2,1.7,,2,,,,,,,
"Santiago Bueno",848034,"Wolverhampton Wanderers",8602,URU,22,1923,2,1,3,6.69,1923,0.09,1.7,0.08,1.8,0.2,0.3,34.4,,7,2.1,1,0.05,0.13,,,1.9,0.9,3.9,0.6,,1,4,,1,,,,,,
"Taiwo Awoniyi",643717,"Nottingham Forest",10203,NGA,12,268,2,,2,,268,,2,,1.8,,,,1,3,,0.4,,,,2,,,,,,,1,,,,,,,,
"Tyler Adams",729769,"Bournemouth",8678,USA,18,1420,2,1,3,6.96,1420,0.13,0.5,0.03,1.6,0.4,0.5,45.1,,3,1.5,0.4,0.02,0.06,0.3,,2.5,1.8,2,0.4,0.3,1.8,7,,,,,,,,
"Valentín Castellanos",823658,"West Ham United",8654,ARG,11,866,2,,2,,866,,2.7,,2.4,,,,1,9,,0.5,,,,4,,,,,,,2,,,,,,,,
"William Osula",1258092,"Newcastle United",10261,DEN,17,281,2,,2,,281,0.64,0.7,0.22,1.8,1.3,2.6,9.6,,1,,0,0.01,0.24,1.3,,0.6,0.3,,0.3,0.6,4.2,,,,,,,,,
"Yankuba Minteh",1400227,"Brighton and Hove Albion",10204,GAM,27,1837,2,4,6,7.1,1837,0.1,3.2,0.15,2.7,0.5,1.7,15.4,8,35,0.5,4,0.19,0.35,2.7,3,1.9,0.6,0.6,,0.7,1.1,2,,1,,,,,,
"Yéremi Pino",1047676,"Crystal Palace",9826,ESP,27,1730,2,1,3,6.75,1730,0.1,3.9,0.21,3.5,0.5,2,25.9,10,38,1.6,4.8,0.25,0.45,0.8,5,1.6,0.4,0.9,0.1,0.8,1.3,4,,,,,,,,
"Adam Armstrong",519835,"Wolverhampton Wanderers",8602,ENG,7,569,1,2,3,,569,,0.6,,0.2,,,,2,5,,0.6,,,,1,,,,,,,3,,,,,,,,
"Alejandro Garnacho",1203665,"Chelsea",8455,ARG,20,1125,1,4,5,6.99,1125,0.08,3.1,0.25,2,0.6,2.2,28.9,6,26,1,3.6,0.29,0.54,0.9,7,1,0.3,0.4,,0.7,0.6,2,,,,,,,,
"Álex Jiménez",1526689,"Bournemouth",8678,ESP,27,1964,1,,1,6.93,1964,0.05,1.1,0.05,1.1,0.2,0.9,26.1,2,12,1.5,1.4,0.06,0.12,1.5,,2.5,1.1,1.6,0.5,0.4,1.2,9,1,,,,,,,
"André",1174296,"Wolverhampton Wanderers",8602,BRA,28,2136,1,,1,6.8,2136,0.04,0.4,0.02,0.1,0,0.5,39.6,1,13,1.9,0.8,0.03,0.05,0.5,,2.7,1.1,1.9,0.3,0.3,1.4,9,,,,,,,,
"Armando Broja",1077975,"Burnley",8191,ALB,20,813,1,1,2,6.06,813,0.11,2.1,0.24,1.7,0.7,1.8,10.2,1,4,0.1,0.1,0.02,0.25,0.8,3,0.7,0.3,0.9,,0.7,1.3,,,,,,,,,
"Axel Tuanzebe",690149,"Burnley",8191,COD,11,932,1,,1,,932,,0.6,,0.9,,,,,,,0.1,,,,,,,,,,,1,1,,,,,,,
"Ben Davies",276121,"Tottenham Hotspur",8586,WAL,3,138,1,,1,,138,,0.5,,1,,,,,1,,0.1,,,,,,,,,,,1,,,,,,,,
"Bertrand Traoré",303059,"Sunderland",8472,BFA,12,638,1,,1,,638,,0.5,,1.5,,,,2,8,,0.2,,,,,,,,,,,1,,,,,,,,
"Boubacar Kamara",816325,"Aston Villa",10252,FRA,18,1418,1,3,4,7.25,1418,0.06,0.5,0.03,0.9,0.3,0.4,45.8,,15,2,0.9,0.05,0.09,0.9,2,2.3,1.1,1.3,0.5,0.3,1.1,5,,,,,,,,
"Brajan Gruda",1430151,"Brighton and Hove Albion",10204,GER,18,715,1,1,2,,715,0.13,1.7,0.22,2,0.8,2,24.4,1,16,0.9,0.9,0.11,0.33,2.5,2,1.8,0.3,0.3,,0.4,1.4,2,,,,,,,,
"Calvin Bassey",877401,"Fulham",9879,NGA,23,1902,1,,1,6.69,1902,0.05,1.6,0.08,1.3,0.1,0.5,54.7,,6,2.1,0.3,0.01,0.09,0.3,,2.1,0.7,3.8,0.9,0.1,1,5,1,1,,,,,,
"Chris Richards",950829,"Crystal Palace",9826,USA,26,2333,1,,1,7,2333,0.04,1.1,0.04,1,0,0.4,39.8,1,9,2,1.2,0.05,0.09,0.2,,1.9,1.5,6.1,0.7,,0.5,3,,,,,,,,
"Dan Ndoye",1022649,"Nottingham Forest",10203,SUI,23,1175,1,1,2,6.55,1175,0.08,1.1,0.08,0.9,0.3,1.1,16.9,2,14,0.5,1.5,0.12,0.2,1,1,1.8,0.8,0.8,0.2,0.3,1.2,1,,,,,,,,
"David Brooks",674014,"Bournemouth",8678,WAL,25,1051,1,2,3,6.69,1051,0.09,4.9,0.42,2.7,1,3.7,26.5,7,23,0.9,3,0.26,0.68,1.4,8,1.3,0.3,1.2,,0.5,0.9,7,,,,,,,,
"Diogo Dalot",751550,"Manchester United",10260,POR,29,2236,1,3,4,7.13,2236,0.04,1.6,0.06,0.8,0.2,0.8,33.6,5,27,1.4,2.4,0.1,0.16,0.6,3,1.6,1,3,0.4,0.4,0.9,5,,,,,,,,
"Douglas Luiz",787350,"Aston Villa",10252,BRA,16,810,1,,1,,810,0.11,0.5,0.05,0.6,0.4,1.1,55.2,2,18,2.7,1.4,0.15,0.21,0.6,2,2.3,1.3,0.9,0.2,0.3,1.3,2,1,,,,,,,
"Enes Ünal",464486,"Bournemouth",8678,TUR,17,173,1,,1,,173,0.52,1.9,0.96,1.5,1,6.2,14,,,,0.1,0.03,1,0.5,2,0.5,,3.6,,0.5,3.1,1,,,,,,,,
"Ethan Ampadu",780432,"Leeds United",8463,WAL,28,2493,1,1,2,7.18,2493,0.04,1.8,0.07,1.7,0.2,0.7,42.2,1,15,2.3,2,0.07,0.14,0.4,2,2.5,1.4,2.4,0.5,0.4,1.3,7,1,,,,,,,
"Evann Guessand",1087966,"Crystal Palace",9826,CIV,19,887,1,2,3,6.46,887,0.1,1.6,0.16,1.6,0.6,1.1,14.7,2,5,0.1,0.9,0.09,0.25,1.3,3,2.4,0.5,0.9,0.3,0.3,1.5,,,,,,,,,
"Fábio Carvalho",963965,"Brentford",9937,POR,6,100,1,,1,,100,,0.7,,0.7,,,,,,,0,,,,,,,,,,,,,,,,,,,
"Gabriel Martinelli",1021586,"Arsenal",9825,BRA,25,846,1,3,4,6.52,846,0.11,3.4,0.36,2.6,1.1,2.7,14.8,3,9,0.1,1,0.11,0.46,1.9,6,1.1,,1.1,0.1,1.4,0.7,2,,,,,,,,
"Granit Xhaka",207236,"Sunderland",8472,SUI,27,2273,1,5,6,7.28,2273,0.04,0.7,0.03,0.8,0.2,0.6,43.6,7,28,4.3,2.4,0.09,0.12,0.3,,1.5,0.9,3,0.7,0.2,0.7,5,,,,,,,,
"Hannibal Mejbri",1113785,"Burnley",8191,TUN,23,990,1,3,4,6.58,990,0.09,0.5,0.05,0.6,0.4,1.3,27.7,4,14,1.4,1.3,0.12,0.17,1.5,,2.3,0.7,0.5,0.2,0.6,1.5,7,1,,,,,,,
"Harrison Reed",502420,"Fulham",9879,ENG,6,26,1,,1,,26,,0.1,,0.8,,,,,1,,0.4,,,,,,,,,,,,,,,,,,,
"Harry Maguire",255610,"Manchester United",10260,ENG,18,1205,1,1,2,6.94,1205,0.07,0.8,0.06,0.6,0.1,0.7,41.5,1,2,2.1,0.2,0.02,0.08,,1,0.9,0.7,5.3,0.5,0.1,1,3,2,,1,,,,,
"Hugo Bueno",1116391,"Wolverhampton Wanderers",8602,ESP,28,1951,1,1,2,6.82,1951,0.05,0.5,0.02,1.1,0.2,0.5,26,4,31,1,2.9,0.13,0.16,1.2,,2.6,1.5,2.4,0.2,0.2,0.6,1,,,,,,,,
"Ibrahima Konaté",820140,"Liverpool",8650,FRA,29,2487,1,,1,7.16,2487,0.04,1.1,0.04,1,0.1,0.4,56.3,2,7,2.1,0.9,0.03,0.07,0.2,2,1.7,0.8,5.9,0.7,0,1.1,6,1,,,,,,,
"Jack Hinshelwood",1251334,"Brighton and Hove Albion",10204,ENG,20,1179,1,3,4,6.63,1179,0.08,2.2,0.17,1.7,0.5,1.8,30.4,2,11,0.7,1.6,0.12,0.29,0.2,3,1.1,0.3,1.5,0.4,0.4,2.1,,,,,,,,,
"Jaka Bijol",861805,"Leeds United",8463,SVN,18,1309,1,1,2,7.01,1309,0.07,0.8,0.05,0.8,0.4,0.8,42.9,1,4,2.6,0.7,0.05,0.1,0.1,1,1.4,1.5,6.9,0.4,0.1,1,3,1,,,,,,,
"James Justin",710158,"Leeds United",8463,ENG,22,1266,1,1,2,6.89,1266,0.07,0.9,0.06,0.6,0.3,1.2,25.5,4,10,1.6,1,0.07,0.13,0.1,1,2.2,1.4,4.2,0.5,,0.6,2,,,,,,,,
"James Milner",38807,"Brighton and Hove Albion",10204,ENG,19,719,1,1,2,,719,0.13,1,0.13,0.9,0.3,1,47.8,1,8,2.3,0.6,0.08,0.21,0.1,,1.8,0.8,2.3,0.1,0.3,1.4,2,,,,,,,,
"James Tarkowski",243138,"Everton",8668,ENG,30,2700,1,1,2,7.18,2700,0.03,2.3,0.08,1.8,0.2,0.5,34,1,14,2.7,1.3,0.04,0.12,0.1,4,1.3,0.9,6.8,1.4,0.1,0.8,5,1,,,,,,,
"Jarrad Branthwaite",1030829,"Everton",8668,ENG,8,504,1,,1,,504,,0.3,,0.6,,,,,2,,0.1,,,,,,,,,,,1,,1,,,,,,
"Jayden Bogle",789646,"Leeds United",8463,ENG,29,2410,1,1,2,6.62,2410,0.04,2.1,0.08,1,0.1,0.6,21.7,4,14,1,1.7,0.06,0.14,0.6,3,2,1.1,2.4,0.1,0.5,1.2,6,,1,,,,,,
"Jean-Ricner Bellegarde",769166,"Wolverhampton Wanderers",8602,HAI,22,1089,1,1,2,6.42,1089,0.08,1,0.08,1.8,0.6,1.7,25,1,11,1.7,1,0.08,0.16,1.3,,2.1,0.8,1.5,0.2,0.3,1.4,4,,,,,,,,
"Jérémy Doku",942368,"Manchester City",8456,BEL,22,1230,1,4,5,7.21,1230,0.07,1.8,0.13,1.6,0.6,1.6,30.1,10,42,0.7,4.7,0.35,0.48,4.6,4,1.2,0.7,,,0.9,1.2,,,2,,,,,,
"Jhon Arias",1023030,"Wolverhampton Wanderers",8602,COL,23,1121,1,,1,6.48,1121,0.08,3.3,0.26,0.8,0.2,1.3,28.7,,11,0.6,0.6,0.05,0.31,0.6,4,3.5,0.6,1.2,0.2,0.6,2,1,,,,,,,,
"João Gomes",1174672,"Wolverhampton Wanderers",8602,BRA,29,2299,1,1,2,7.03,2299,0.04,1.1,0.04,1.9,0.2,0.6,40.7,2,14,1.3,1.8,0.07,0.12,1.4,,3.3,1.2,1.4,0.2,0.4,2.2,9,,,,,,,,
"Joël Veltman",304455,"Brighton and Hove Albion",10204,NED,19,843,1,,1,6.91,843,0.11,1,0.1,1,0.1,0.3,28.3,,4,1.2,0.1,0.01,0.12,0.2,,3.1,1.8,4.2,0.5,0.4,1,4,,,,,,,,
"Jordan Henderson",156008,"Brentford",9937,ENG,29,1824,1,3,4,6.74,1824,0.05,0.3,0.02,0.6,0,0.3,41.6,8,18,3.4,2.4,0.12,0.13,0.1,,1.3,0.8,1.7,0.3,0.3,0.6,4,,,,,,,,
"Josh Acheampong",1400216,"Chelsea",8455,ENG,12,572,1,,1,,572,,0.6,,1,,,,,2,,0.1,,,,,,,,,,,1,,,,,,,,
"Josh Laurent",523193,"Burnley",8191,ENG,28,1581,1,,1,6.33,1581,0.06,0.8,0.05,1.1,0.2,0.7,25.7,,11,0.9,0.4,0.03,0.07,0.4,1,2.3,1.3,2.1,0.5,0.1,1.4,7,1,,1,,,,,
"Joshua King",1422593,"Fulham",9879,ENG,25,1141,1,2,3,6.54,1141,0.08,2.3,0.18,2.3,0.8,1.9,18.1,,12,0.2,0.5,0.04,0.22,1.2,3,1.9,0.2,0.9,0.3,0.3,0.9,3,,,,,,,,
"Justin Devenny",1336751,"Crystal Palace",9826,NIR,18,596,1,,1,,596,0.15,2.6,0.4,1,0.6,2,21.3,,7,1.2,0.4,0.05,0.45,0.3,4,2.4,,1.2,,0.3,1.5,,,,,,,,,
"Kenny Tete",469804,"Fulham",9879,NED,22,1794,1,,1,7.12,1794,0.05,1,0.05,0.5,0.2,0.8,37.5,1,11,1.8,1.4,0.07,0.12,0.4,,3.3,1.4,3.4,0.3,0.1,1.4,2,,,,,,,,
"Kevin",1318400,"Fulham",9879,BRA,23,904,1,1,2,6.59,904,0.1,1.1,0.11,1.8,0.9,2.2,23,1,13,1.7,1.4,0.14,0.25,3.6,1,1.9,0.9,0.7,,0.6,1.2,1,,1,,,,,,
"Konstantinos Mavropanos",719219,"West Ham United",8654,GRE,24,1898,1,,1,6.79,1898,0.05,2,0.09,2.5,0.2,0.8,35.5,,2,3.4,0.5,0.03,0.12,0,2,1.5,1.8,7.1,1,0,0.4,2,,,,,,,,
"Kyle Walker-Peters",734042,"West Ham United",8654,ENG,18,955,1,,1,6.54,955,0.09,1.1,0.11,1,0.3,0.5,36,,5,1.1,0.3,0.03,0.13,0.9,,3.2,0.7,2.5,0.3,0.4,0.8,2,,,,,,,,
"Lewis Hall",1197655,"Newcastle United",10261,ENG,24,1752,1,1,2,7.07,1752,0.05,0.8,0.04,0.8,0.2,1.1,44.3,4,20,2,2.4,0.13,0.17,1.7,1,2.4,1.2,3.3,0.6,0.5,0.8,3,,,,,,,,
"Lewis Miley",1296763,"Newcastle United",10261,ENG,19,1133,1,3,4,7.18,1133,0.08,1.3,0.11,1.2,0.3,1,48,2,14,1.2,2,0.16,0.27,0.9,2,1.9,1.4,1.8,0.2,0.2,0.3,,,,,,,,,
"Liam Delap",1113903,"Chelsea",8455,ENG,22,791,1,,1,6.36,791,0.11,3.9,0.45,3,1.3,3.5,11.7,,2,0.1,0.2,0.02,0.47,0.8,4,0.5,0.1,1,,0.5,1.9,2,,1,,,,,,
"Lorenzo Lucca",1212630,"Nottingham Forest",10203,ITA,3,120,1,,1,,120,,0.7,,0.2,,,,,1,,0,,,,1,,,,,,,,,,,,,,,
"Loum Tchaouna",1283034,"Burnley",8191,FRA,23,854,1,,1,6.22,854,0.11,0.9,0.1,0.9,0.7,1.7,18.9,,5,1.1,0.7,0.07,0.17,0.4,1,1.5,0.2,0.8,0.1,0.3,0.4,1,,,,,,,,
"Lucas Bergvall",1386775,"Tottenham Hotspur",8586,SWE,18,854,1,2,3,6.63,854,0.11,1.3,0.14,0.7,0.5,1.2,24.2,,4,1.1,0.4,0.04,0.18,1.5,1,2.1,0.2,1.2,0.2,0.1,2,2,,,,,,,,
"Marc Cucurella",873289,"Chelsea",8455,ESP,27,2080,1,3,4,7.04,2080,0.04,1.7,0.07,1.1,0.2,0.7,46.7,5,31,1.7,3,0.13,0.2,0,,1.9,1,3.4,0.3,0.1,1.5,5,,,1,,,,,
"Marcus Edwards",637744,"Burnley",8191,ENG,19,907,1,3,4,6.6,907,0.1,1.5,0.14,0.5,0.5,2.1,23.1,5,18,0.5,1.7,0.17,0.31,1.2,2,0.8,0.2,0.4,,0.6,0.7,,,,,,,,,
"Marshall Munetsi",786580,"Wolverhampton Wanderers",8602,ZIM,13,873,1,1,2,,873,,1.6,,1.7,,,,1,3,,0.4,,,,,,,,,,,2,,,,,,,,
"Martin Ødegaard",534670,"Arsenal",9825,NOR,20,1078,1,5,6,6.98,1078,0.08,1,0.08,1.1,0.6,1.7,44.8,5,30,2.7,2.9,0.24,0.33,0.8,,1.4,0.6,0.5,,1.2,0.6,,,,,,,,,
"Matheus Nunes",955529,"Manchester City",8456,POR,27,2267,1,4,5,7.44,2267,0.04,0.3,0.01,1,0.1,0.3,60.4,5,20,1.9,1.8,0.07,0.09,0.9,,1.9,1,3.3,0.2,0.2,0.5,4,1,1,,,,,,
"Matthew O'Riley",866686,"Brighton and Hove Albion",10204,DEN,4,187,1,,1,,187,,1.2,,1.4,,,,,4,,0.2,,,,1,,,,,,,,,,,,,,,
"Matthijs de Ligt",769895,"Manchester United",10260,NED,13,1170,1,,1,,1170,,1.5,,1.5,,,,2,3,,0.8,,,,1,,,,,,,,,,,,,,,
"Max Dowman",1635773,"Arsenal",9825,ENG,3,43,1,,1,,43,,1.1,,1,,,,,2,,0,,,,,,,,,,,,,1,,,,,,
"Maxence Lacroix",950485,"Crystal Palace",9826,FRA,28,2486,1,2,3,7.08,2486,0.04,2.1,0.07,0.9,0.1,0.7,41.8,3,5,2.5,0.8,0.03,0.1,0.2,2,1.8,1.3,7.3,0.4,0,0.9,3,2,,1,,,,,
"Michael Kayode",1429912,"Brentford",9937,ITA,30,2634,1,,1,7.06,2634,0.03,0.6,0.02,1.1,0.1,0.2,27.1,3,29,1,2.6,0.09,0.11,1.5,,1.9,1.1,3.1,0.3,0.2,0.8,6,2,,,,,,,
"Murillo",1458711,"Nottingham Forest",10203,BRA,23,2001,1,,1,6.98,2001,0.04,0.6,0.03,1.3,0.2,0.4,39.5,1,8,3.6,0.5,0.02,0.05,0.4,,1.4,1.4,5.5,1.1,0.1,0.9,4,,,,,,,,
"Nathan Collins",961306,"Brentford",9937,IRL,28,2342,1,2,3,6.88,2342,0.04,1.7,0.06,1.7,0.2,0.5,45,4,9,3,1.2,0.05,0.11,0.1,3,0.9,1,6.4,1.3,0,0.6,5,1,1,,,,,,
"Neco Williams",1078788,"Nottingham Forest",10203,WAL,30,2620,1,3,4,7.06,2620,0.03,1.7,0.06,2.5,0.5,1.2,31.2,5,30,1.2,3.3,0.11,0.17,0.9,2,2.7,1.2,2.5,0.5,0.3,0.9,5,1,,1,,,,,
"Nico González",1280132,"Manchester City",8456,ESP,21,1375,1,,1,7.17,1375,0.07,0.6,0.04,0.3,0.1,0.8,67.7,1,8,1.9,1,0.07,0.1,0.7,,2.4,1.4,2.6,0.4,0.7,1.8,6,,,,,,,,
"Nicolás Dominguez",827315,"Nottingham Forest",10203,ARG,20,938,1,,1,6.66,938,0.1,1.2,0.11,1.7,0.5,1.5,30.2,1,9,1.3,0.4,0.04,0.15,0.5,1,3.9,0.4,1.2,0.4,0.8,1.1,2,,,,,,,,
"Nordi Mukiele",602304,"Sunderland",8472,FRA,25,2165,1,4,5,7.18,2165,0.04,1,0.04,0.2,0.1,0.7,28.6,7,20,1.6,1.8,0.08,0.12,0.3,2,2.4,1.3,5.4,0.4,0.1,1,4,,,,,,,,
"Oliver Sonne",1060617,"Burnley",8191,PER,7,165,1,,1,,165,,0.6,,0.9,,,,,1,,0.1,,,,,,,,,,,,,,,,,,,
"Omar Alderete",751998,"Sunderland",8472,PAR,27,2356,1,1,2,7.03,2356,0.04,1.4,0.05,1.4,0.3,0.7,34,1,9,2.6,0.9,0.03,0.09,0.6,2,1,1.1,7.2,1,0.1,1,6,,,,,,,,
"Omar Marmoush",839204,"Manchester City",8456,EGY,17,573,1,3,4,,573,0.16,2.2,0.34,1.1,1.1,3.8,19.8,2,11,0.2,0.7,0.11,0.45,1.1,2,1.9,0.3,0.3,0.3,0.5,1.6,2,,,,,,,,
"Omari Hutchinson",1215652,"Nottingham Forest",10203,ENG,24,1280,1,3,4,6.76,1280,0.07,1.8,0.13,2,0.7,1.6,24,6,26,0.6,3.1,0.22,0.34,2.3,2,1.3,0.5,0.4,,0.8,1.2,,,1,,,,,,
"Pascal Groß",167008,"Brighton and Hove Albion",10204,GER,12,1006,1,1,2,,1006,,0.8,,1.7,,,,2,21,,2.3,,,,1,,,,,,,2,,,,,,,,
"Piero Hincapié",1137667,"Arsenal",9825,ECU,21,1504,1,2,3,7.1,1504,0.06,0.3,0.02,0.2,0.1,0.1,39.6,2,12,1.2,1.3,0.08,0.1,0.3,,2.3,1.2,4.5,0.4,0.2,1,2,,,,,,,,
"Randal Kolo Muani",823825,"Tottenham Hotspur",8586,FRA,23,1235,1,1,2,6.31,1235,0.07,1.8,0.13,1.2,0.2,1.1,10.9,1,16,0.1,1.4,0.11,0.24,1.2,6,1.6,0.2,1.1,0.1,0.7,2.4,2,,,,,,,,
"Riccardo Calafiori",1105912,"Arsenal",9825,ITA,22,1455,1,2,3,7.17,1455,0.06,2.9,0.18,1.9,0.4,1.7,34.5,,5,1.1,0.5,0.03,0.21,0.8,1,1.9,0.9,3,0.1,0.2,1.5,5,,,,,,,,
"Rio Ngumoha",1597668,"Liverpool",8650,ENG,13,219,1,,1,,219,,0.8,,1.7,,,,2,9,,1.3,,,,,,,,,,,,,,,,,,,
"Rodri",675088,"Manchester City",8456,ESP,18,1245,1,,1,7.49,1245,0.07,0.8,0.06,0.6,0.1,0.8,88,2,23,5.6,2.3,0.16,0.22,0.4,,2.5,0.9,2.5,0.1,0.5,0.7,2,,,,,,,,
"Rodrigo Bentancur",620618,"Tottenham Hotspur",8586,URU,20,1415,1,1,2,7.02,1415,0.06,0.5,0.03,0.8,0.1,0.6,39.8,1,9,1,0.7,0.04,0.07,0.8,,2.4,1.4,2.5,0.4,0.3,1,5,1,,,,,,,
"Rodrigo Muniz",1128945,"Fulham",9879,BRA,14,580,1,1,2,,580,,1.9,,0.8,,,,1,6,,0.1,,,,4,,,,,,,1,,,,,,,,
"Sasa Lukic",556972,"Fulham",9879,SRB,20,1239,1,2,3,6.76,1239,0.07,1.8,0.13,1.1,0.2,0.9,30.1,1,22,0.6,1.4,0.1,0.23,0.1,2,2.7,0.8,1.8,0.5,0.2,2.8,6,,,,,,,,
"Sean Longstaff",820024,"Leeds United",8463,ENG,17,946,1,2,3,,946,0.1,0.9,0.08,0.7,0.2,1.2,33.6,6,22,1.2,1.5,0.14,0.23,0.1,,3.5,1,1,0.5,0.5,1,2,,,,,,,,
"Simon Adingra",1227012,"Sunderland",8472,CIV,14,658,1,,1,,658,,0.3,,0.3,,,,2,7,,0.6,,,,1,,,,,,,2,,,,,,,,
"Soungoutou Magassa",1385894,"West Ham United",8654,FRA,20,972,1,,1,6.63,972,0.09,0.4,0.04,1,0.2,0.6,29,1,5,1.7,0.3,0.03,0.07,0.5,,3.7,1.5,1.3,0.4,0.4,1.6,4,1,,,,,,,
"Stefanos Tzimas",1423616,"Brighton and Hove Albion",10204,GRE,9,133,1,1,2,,133,,0.5,,0.6,,,,,6,,0.1,,,,1,,,,,,,,,,,,,,,
"Sven Botman",956682,"Newcastle United",10261,NED,18,1208,1,1,2,6.91,1208,0.07,1.4,0.11,1,0.3,0.7,49.8,2,6,2.5,0.4,0.03,0.13,0.1,1,1,0.6,6.3,1,0.1,0.6,1,,,,,,,,
"Tammy Abraham",749661,"Aston Villa",10252,ENG,8,196,1,,1,,196,,1.3,,1.2,,,,1,4,,0.4,,,,2,,,,,,,,,,,,,,,
"Tom Cairney",182962,"Fulham",9879,SCO,20,550,1,,1,,550,0.16,0.9,0.15,0.4,0.2,2,73.3,,5,2.9,0.4,0.06,0.21,0.3,,0.7,0.3,0.8,0.2,0.3,1.3,3,,,,,,,,
"Tom Edozie",1469210,"Wolverhampton Wanderers",8602,ENG,1,6,1,,1,,6,,0.2,,0.8,,,,,,,0,,,,,,,,,,,,,,,,,,,
"Tyrick Mitchell",1120224,"Crystal Palace",9826,ENG,30,2669,1,1,2,7.07,2669,0.03,1.1,0.04,1.7,0.2,0.4,21.7,2,22,1,1.6,0.05,0.09,0.5,2,2.7,0.9,2.7,0.3,0.1,0.6,5,,,,,,,,
"Vitaly Janelt",688273,"Brentford",9937,GER,22,1255,1,4,5,6.99,1255,0.07,0.9,0.07,1.2,0.2,0.9,44.5,6,19,2.9,1.9,0.13,0.2,0.3,1,1.7,2.1,2.2,0.6,0.4,1.2,7,,,,,,,,
"William Saliba",955406,"Arsenal",9825,FRA,25,2075,1,,1,7.18,2075,0.04,0.9,0.04,0.9,0,0.2,70.4,,7,1.9,0.9,0.04,0.08,0.2,2,1.3,0.6,4.4,0.2,0.1,0.7,1,,,,,,,,
"Xavi Simons",1173787,"Tottenham Hotspur",8586,NED,25,1599,1,4,5,6.87,1599,0.06,2.3,0.13,2.5,0.5,2,33.9,6,30,1.9,3.5,0.2,0.33,1.5,1,1.9,0.8,0.5,0.1,1.2,1.1,4,,,1,,,,,
"Yehor Yarmoliuk",1157236,"Brentford",9937,UKR,31,2137,1,2,3,6.72,2137,0.04,1.2,0.05,0.8,0.2,0.6,36.6,1,13,2.1,1.2,0.05,0.1,0.5,,2.3,1.1,1.1,0.4,0.4,1.5,7,,,,,,,,
"Yoane Wissa",666857,"Newcastle United",10261,COD,13,426,1,,1,,426,,1.9,,1.3,,,,,2,,0.5,,,,3,,,,,,,1,,,,,,,,
"Aaron Hickey",1002039,"Brentford",9937,SCO,18,593,,,,,593,,0.4,0.06,0.2,0.2,0.8,33.7,,,1.2,0.1,0.02,0.08,,1,1.8,1.1,3,0.6,,0.9,1,,,,,,,,
"Aaron Ramsdale",746395,"Newcastle United",10261,ENG,10,823,,,,,823,,,,,,,,,1,,0,,,,,,,,,,,1,,,,1,,,,
"Aaron Wan-Bissaka",760320,"West Ham United",8654,COD,22,1906,,2,2,6.84,1906,,,,,,,24.4,1,17,1.1,0.9,0.04,0.04,0.7,,1.4,1.8,4.2,0.3,0.1,1,4,,,,,,,,
"Abdukodir Khusanov",1362998,"Manchester City",8456,UZB,15,889,,,,,889,,0.5,0.05,,,0.2,58.4,,2,2.6,0.1,0.02,0.06,0.4,,2.1,2.1,3.6,0.2,0.1,0.8,2,,,,,,,,
"Adam Smith",160447,"Bournemouth",8678,ENG,18,807,,1,1,,807,,,,,,,22.4,1,4,1,0.2,0.03,0.03,0.1,,1.3,0.7,3.2,0.7,,1.6,3,,,,,,,,
"Adam Wharton",1296650,"Crystal Palace",9826,ENG,27,2174,,5,5,7.04,2174,,1.3,0.06,0.4,0.2,1.1,34.1,11,32,2.2,5.9,0.25,0.3,0.5,,2.5,1,1.4,0.1,0.6,1.2,4,1,,1,,,,,
"Adama Traoré",493647,"West Ham United",8654,ESP,22,349,,,,,349,,0.3,0.09,0.2,0.3,1.5,19.1,1,3,0.3,0.6,0.15,0.24,3.1,,0.3,,0.5,,0.5,1.8,1,,,,,,,,
"Adrien Truffert",1177358,"Bournemouth",8678,FRA,31,2750,,3,3,7.05,2750,,0.4,0.01,0.5,0.1,0.4,34.5,4,24,1,2.4,0.08,0.09,0.9,,2.7,1.3,4,0.3,0.2,1,3,,,,,,,,
"Alex Murphy",1362341,"Newcastle United",10261,IRL,1,1,,,,,1,,,,,,,,,,,0,,,,,,,,,,,,,,,,,,,
"Alex Tóth",1449690,"Bournemouth",8678,HUN,4,72,,,,,72,,0.1,,,,,,,3,,0.2,,,,,,,,,,,1,,,,,,,,
"Alisson Becker",319784,"Liverpool",8650,BRA,25,2250,,,,6.84,2250,,,,,,,25,,,,0,0,0,,,,,1.5,,,0,1,1,,,8,65.1,2.2,-2.6,1.2
"Alphonse Areola",210164,"West Ham United",8654,FRA,20,1800,,1,1,6.57,1800,,,,,,,12.6,,1,,0,0,0,,,,0.1,1.5,,,0.1,,1,,,,67.5,3.9,-1.4,1.9
"Altay Bayindir",866967,"Manchester United",10260,TUR,6,540,,,,,540,,,,,,,,1,1,,0,,,,,,,,,,,,,,,,,,,
"Alysson Edward",1656860,"Aston Villa",10252,BRA,3,47,,,,,47,,0,,,,,,,,,0,,,,,,,,,,,,,,,,,,,
"Andrés García",1430406,"Aston Villa",10252,ESP,4,37,,,,,37,,,,,,,,,,,0,,,,,,,,,,,,,,,,,,,
"Andrew Robertson",357880,"Liverpool",8650,SCO,19,767,,,,6.67,767,,0.3,0.04,0.1,0.1,0.6,51.5,3,15,1.6,1,0.12,0.16,0.4,,1.3,0.8,2.2,0.4,0.2,0.5,,,,,,,,,
"Andrey Santos",1372921,"Chelsea",8455,BRA,23,1003,,,,6.7,1003,,1.7,0.15,0.6,0.1,0.7,52,1,7,1,0.8,0.07,0.23,0.2,3,2.5,1.6,1.5,0.4,0.6,1,4,,,,,,,,
"Andy Irving",863359,"West Ham United",8654,SCO,7,157,,,,,157,,,,,,,,,3,,0.2,,,,,,,,,,,,,,,,,,,
"Angel Gomes",848667,"Wolverhampton Wanderers",8602,ENG,7,286,,,,,286,,0.1,,0,,,,,3,,0.2,,,,,,,,,,,1,,,,,,,,
"Angus Gunn",760746,"Nottingham Forest",10203,SCO,1,45,,,,,45,,,,,,,,,,,0,,,,,,,,,,,,,,,,,,,
"Anthony Elanga",1050166,"Newcastle United",10261,SWE,27,1217,,1,1,6.4,1217,,1.5,0.11,0.7,0.3,1.2,23.4,2,15,0.4,1.7,0.13,0.23,0.8,1,1,0.2,0.4,,0.1,0.6,,,,,,,,,
"Antonee Robinson",662428,"Fulham",9879,USA,15,1045,,,,7.05,1045,,0.2,0.02,,,0.2,37.4,1,17,2,1.3,0.11,0.13,0.6,,2.8,1.4,3.5,0.3,0.1,0.9,3,,,,,,,,
"Antoni Milambo",1276312,"Brentford",9937,NED,1,45,,,,,45,,,,,,,,,,,0,,,,,,,,,,,,,,,,,,,
"Arnaud Kalimuendo-Muinga",1095445,"Nottingham Forest",10203,FRA,9,89,,,,,89,,0.4,,0.1,,,,,1,,0,,,,1,,,,,,,,,,,,,,,
"Arthur Masuaku",418137,"Sunderland",8472,COD,3,127,,,,,127,,0.1,,,,,,,1,,0.1,,,,,,,,,,,1,,,,,,,,
"Ashley Barnes",107280,"Burnley",8191,ENG,6,35,,,,,35,,0.1,,,,,,,,,0,,,,,,,,,,,1,,,,,,,,
"Axel Disasi",696646,"West Ham United",8654,FRA,7,630,,,,,630,,1,,0.9,,,,,1,,0,,,,1,,,,,,,,,,,,,,,
"Ayden Heaven",1559639,"Manchester United",10260,ENG,14,653,,1,1,,653,,0.3,,,,,,1,2,,0.2,,,,1,,,,,,,2,,,,,,,,
"Bafodé Diakité",979752,"Bournemouth",8678,FRA,18,1275,,,,6.66,1275,,0,0,,,0.1,46.5,,3,2.4,0.2,0.01,0.01,,,1.4,0.8,5.9,0.4,0.1,0.6,1,1,,,,,,,
"Bart Verbruggen",1131987,"Brighton and Hove Albion",10204,NED,31,2790,,,,6.96,2790,,,,,,,30.9,,1,,0.1,0,0,0,,0,,0.8,,,0.1,3,1,,,7,70.2,2.8,1.1,1.2
"Bashir Humphreys",1238058,"Burnley",8191,ENG,15,1240,,,,,1240,,0.3,0.02,0.5,0.1,0.5,37.3,1,6,2.8,0.6,0.05,0.07,0.4,1,1.7,0.5,4.9,1.1,0.1,0.9,5,,,,,,,,
"Ben Gannon Doak",1324871,"Bournemouth",8678,SCO,5,56,,1,1,,56,,0.1,,,,,,1,1,,0.1,,,,,,,,,,,,,,,,,,,
"Ben White",776151,"Arsenal",9825,ENG,7,411,,1,1,,411,,0.4,,0.3,,,,2,6,,0.5,,,,,,,,,,,,,,,,,,,
"Ben Winterburn",1697214,"Bournemouth",8678,ENG,1,6,,,,,6,,,,,,,,,,,,,,,,,,,,,,,,,,,,,,
"Bendito Mantato",1607328,"Manchester United",10260,ENG,1,15,,,,,15,,,,,,,,,1,,0,,,,,,,,,,,,,,,,,,,
"Benoît Badiashile",955376,"Chelsea",8455,FRA,8,471,,,,,471,,,,,,,,,,,0.1,,,,,,,,,,,2,,,,,,,,
"Bernd Leno",215168,"Fulham",9879,GER,31,2790,,,,6.76,2790,,,,,,,28.5,,,,0,0,0,,,0.1,0,1.1,,,,3,,,,6,63.6,2.5,-5.8,1.4
"Borna Sosa",622091,"Crystal Palace",9826,CRO,5,53,,,,,53,,,,,,,,,1,,0.1,,,,,,,,,,,,,,,,,,,
"Bradley Burrowes",1639163,"Aston Villa",10252,ENG,1,16,,,,,16,,,,,,,,,,,0,,,,,,,,,,,,,,,,,,,
"Callum Marshall",1327325,"West Ham United",8654,NIR,2,58,,,,,58,,0.1,,,,,,,,,0,,,,1,,,,,,,,,,,,,,,
"Callum Olusesi",1431275,"Tottenham Hotspur",8586,ENG,1,14,,,,,14,,,,,,,,,,,0,,,,,,,,,,,,,,,,,,,
"Caoimhín Kelleher",776689,"Brentford",9937,IRL,30,2700,,,,6.88,2700,,,,,,,22.5,,2,,0.2,0.01,0.01,0.1,,0,0,1.2,,,0.1,1,2,,,8,67.8,2.7,-2.8,1.3
"Carlos Baleba",1352713,"Brighton and Hove Albion",10204,CMR,25,1288,,,,6.5,1288,,0.5,0.04,,0.1,1,33.1,,4,1.6,0.3,0.02,0.06,0.6,1,2,1.7,1.6,0.2,0.6,1.8,5,1,,,,,,,
"Chadi Riad",1187506,"Crystal Palace",9826,MAR,6,314,,1,1,,314,,0.1,,,,,,1,1,,0.1,,,,1,,,,,,,2,,,,,,,,
"Charly Alcaraz",1128965,"Everton",8668,ARG,16,673,,1,1,,673,,1.1,0.15,0.6,0.7,2.4,30.8,2,9,1.5,0.4,0.06,0.21,0.8,1,1.7,0.4,0.7,0.3,0.3,1.1,3,,,,,,,,
"Chris Rigg",1327319,"Sunderland",8472,ENG,13,562,,,,,562,,0.6,,0.1,,,,1,7,,0.9,,,,,,,,,,,,,,,,,,,
"Christantus Uche",1580704,"Crystal Palace",9826,NGA,14,159,,,,,159,,0.5,,0.4,,,,,,,0,,,,1,,,,,,,,,1,,,,,,
"Christian Nørgaard",266520,"Arsenal",9825,DEN,6,56,,,,,56,,0.1,,0.1,,,,,,,0,,,,,,,,,,,,,,,,,,,
"Conor Bradley",1113690,"Liverpool",8650,NIR,15,932,,1,1,6.79,932,,0.2,0.02,,,0.6,39.9,3,4,1,0.9,0.09,0.11,0.7,,1.8,1.3,2.8,0.4,0.3,1.7,5,,,,,,,,
"Conor Gallagher",966027,"Tottenham Hotspur",8586,ENG,9,588,,1,1,,588,,0.6,,0.5,,,,,7,,0.5,,,,2,,,,,,,,,,,,,,,
"Cristhian Mosquera",1298907,"Arsenal",9825,ESP,14,669,,,,,669,,,,,,,,,3,,0.5,,,,,,,,,,,2,,,,,,,,
"Curtis Jones",933768,"Liverpool",8650,ENG,27,1347,,1,1,6.81,1347,,2.1,0.14,1.6,0.4,1.3,70.7,3,18,2.5,2.4,0.16,0.3,1.1,3,1.9,0.5,1.1,0.3,0.5,0.7,1,,,,,,,,
"Daichi Kamada",621515,"Crystal Palace",9826,JPN,20,1488,,,,6.91,1488,,1.4,0.08,1.1,0.2,1,30.8,3,14,1.5,2.1,0.13,0.21,0.7,1,3,0.5,1.1,0.1,0.6,1.6,2,,1,,,,,,
"Dane Scarlett",1113753,"Tottenham Hotspur",8586,ENG,2,7,,,,,7,,,,,,,,,,,0,,,,,,,,,,,,,,,,,,,
"Daniel Burn",188058,"Newcastle United",10261,ENG,23,1814,,2,2,6.67,1814,,0.4,0.02,0.2,0,0.2,34.9,,6,1.3,0.4,0.02,0.04,0.1,,1.5,0.8,6.6,0.5,0.1,1.6,7,1,1,1,,,,,
"Daniel James",717176,"Leeds United",8463,WAL,15,409,,,,,409,,0.7,0.16,0.5,0.4,2.2,13.4,1,8,0.2,0.6,0.13,0.29,1.1,2,1.1,0.2,0.4,,0.7,0.2,,,,,,,,,
"Daniel Neil",982246,"Sunderland",8472,ENG,3,13,,,,,13,,,,,,,,,,,0,,,,,,,,,,,,,,,,,,,
"David Møller Wolfe",1049679,"Wolverhampton Wanderers",8602,NOR,18,844,,2,2,,844,,0.1,0.01,,,0.3,17.3,3,7,1,1,0.11,0.12,0.5,,1,0.6,2.8,0.2,0.2,0.7,1,,,,,,,,
"David Raya",562727,"Arsenal",9825,ESP,31,2790,,,,7.22,2790,,,,,,,19.5,,3,,0.1,0,0,0,,0,0,1,,,,1,,,,15,69.4,1.6,-0.9,0.7
"Dean Henderson",719330,"Crystal Palace",9826,ENG,29,2610,,,,7.15,2610,,,,,,,17,,1,,0.1,0,0,0,,,0.1,1.4,,,0,3,1,,,10,71.1,3,4.4,1.2
"Dennis Cirkin",1118480,"Sunderland",8472,ENG,7,302,,,,,302,,0.1,,,,,,,,,0,,,,,,,,,,,1,,,,,,,,
"Destiny Udogie",1052898,"Tottenham Hotspur",8586,ITA,14,842,,1,1,,842,,0.2,,0.6,,,,2,9,,0.7,,,,,,,,,,,3,,,,,,,,
"Diego Coppola",1321562,"Brighton and Hove Albion",10204,ITA,5,194,,,,,194,,,,,,,,,,,0,,,,,,,,,,,2,,,,,,,,
"Dilane Bakwa",1079539,"Nottingham Forest",10203,FRA,10,343,,1,1,,343,,0.5,,0.2,,,,1,7,,0.7,,,,1,,,,,,,1,,,,,,,,
"Divine Mukasa",1463282,"Manchester City",8456,ENG,2,25,,,,,25,,,,,,,,,2,,0.2,,,,,,,,,,,,,,,,,,,
"Djed Spence",894803,"Tottenham Hotspur",8586,ENG,24,1812,,,,6.63,1812,,0.9,0.04,0.7,0.3,0.5,32.5,4,10,1.5,1.7,0.09,0.13,1.3,2,1.9,0.6,2.5,0.1,0.3,1.1,4,,,,,,,,
"Djordje Petrovic",1067256,"Bournemouth",8678,SRB,31,2790,,,,6.91,2790,,,,,,,15.5,,,,0,0,0,,,,,1.8,,,,2,,,,9,66.2,3,-1.9,1.5
"Dwight McNeil",939542,"Everton",8668,ENG,18,947,,1,1,6.7,947,,1.1,0.1,1.3,0.5,1.6,20.5,1,12,0.5,0.9,0.08,0.18,0.7,1,1.7,0.6,1,0.2,1,1,1,,,,,,,,
"Emil Krafth",259306,"Newcastle United",10261,SWE,1,45,,,,,45,,,,,,,,,,,0,,,,,,,,,,,,,,,,,,,
"Emiliano Martínez",268375,"Aston Villa",10252,ARG,27,2385,,,,7.1,2385,,,,,,,27.6,1,1,,0.1,0,0,,,,,0.9,,,,2,,,,7,72.4,2.9,3.3,1.1
"Emmanuel Agbadou",1114979,"Wolverhampton Wanderers",8602,CIV,14,1101,,,,,1101,,0.6,,0.5,,,,,4,,0.4,,,,,,,,,,,1,,,1,,,,,
"Ethan Nwaneri",1254234,"Arsenal",9825,ENG,6,165,,,,,165,,0.2,,,,,,,1,,0.1,,,,,,,,,,,,,,,,,,,
"Ethan Pinnock",711357,"Brentford",9937,JAM,4,321,,,,,321,,0,,0.1,,,,,,,0.1,,,,,,,,,,,1,,,,,,,,
"Ezra Mayers",1624950,"West Ham United",8654,ENG,6,113,,,,,113,,0.1,,,,,,,2,,0.5,,,,,,,,,,,,,,,,,,,
"Ezri Konsa",710159,"Aston Villa",10252,ENG,30,2676,,,,6.78,2676,,1.2,0.04,0.9,0.1,0.4,58.5,1,5,1.7,0.6,0.02,0.06,0.2,1,0.7,0.8,3.6,0.9,0.1,0.4,,,,1,,,,,
"Fabian Schär",189982,"Newcastle United",10261,SUI,16,1091,,,,,1091,,1,0.08,0.6,0.3,1.4,55.4,,4,5.9,0.6,0.05,0.13,,2,1.2,1.5,5.9,1,0.1,1.2,1,,,,,,,,
"Facundo Buonanotte",1336566,"Leeds United",8463,ARG,3,69,,,,,69,,0,,,,,,,2,,0.1,,,,,,,,,,,1,,,,,,,,
"Fer López",1573122,"Wolverhampton Wanderers",8602,ESP,9,229,,1,1,,229,,0.2,,0.2,,,,1,3,,0.6,,,,,,,,,,,1,,,,,,,,
"Ferdi Kadioglu",774448,"Brighton and Hove Albion",10204,TUR,30,2504,,,,6.97,2504,,1.6,0.06,1.4,0.3,0.8,32.8,,16,1.4,2.4,0.09,0.14,0.4,2,1.8,0.7,2.3,0.3,0.3,0.5,6,,,,,,,,
"Filip Jörgensen",1200984,"Chelsea",8455,DEN,3,264,,,,,264,,,,,,,,,,,0,,,,,,,,,,,,,,,,,,,
"Florentino",793255,"Burnley",8191,POR,24,1659,,2,2,6.75,1659,,0.6,0.03,0,0.1,0.5,38.7,,9,1.9,0.4,0.02,0.05,0.4,2,4.1,1.6,2.6,0.5,0.1,1.7,4,1,,,,,,,
"Frank Onyeka",856685,"Brentford",9937,NGA,6,88,,1,1,,88,,,,,,,,1,1,,0.4,,,,,,,,,,,,,,,,,,,
"Freddie Potts",1206287,"West Ham United",8654,ENG,20,1144,,1,1,6.66,1144,,0.2,0.02,0.5,0.1,0.2,34.4,2,8,2,1.1,0.08,0.1,0.2,,2.1,1.3,2.4,0.2,,1.2,1,,,,,,,,
"Gabriel Gudmundsson",744494,"Leeds United",8463,SWE,29,2368,,,,6.72,2368,,1.1,0.04,0.1,0.1,0.7,24.7,3,19,1,2,0.08,0.12,1.3,,2.3,0.8,2.8,0.2,0.3,1.1,4,,,1,,,,,
"George Earthy",1211806,"West Ham United",8654,ENG,1,8,,,,,8,,,,,,,,,,,0,,,,,,,,,,,,,,,,,,,
"George Hemmings",1607333,"Aston Villa",10252,ENG,2,25,,,,,25,,0,,,,,,,,,0,,,,,,,,,,,,,,,,,,,
"Gianluigi Donnarumma",618878,"Manchester City",8456,ITA,27,2430,,,,7.18,2430,,,,,,,21,,,,0,0,0,0.1,,,0,1.3,,,,6,,,,11,72.7,2.4,2.3,0.9
"Giorgi Mamardashvili",948800,"Liverpool",8650,GEO,6,540,,,,,540,,,,,,,,,,,0,,,,,,,,,,,,1,,,1,,,,
"Guglielmo Vicario",538501,"Tottenham Hotspur",8586,ITA,31,2790,,,,6.68,2790,,,,,,,23.2,,1,,0.1,0,0,,,0,,1.2,,,,1,,,,7,62.4,2.7,-5.2,1.6
"Guido Rodríguez",586768,"West Ham United",8654,ARG,6,177,,,,,177,,0,,,,,,,,,0,,,,,,,,,,,1,,,,,,,,
"Hákon Rafn Valdimarsson",850962,"Brentford",9937,ISL,1,90,,,,,90,,,,,,,,,,,0,,,,,,,,,,,,,,,,,,,
"Hamed Traorè",875672,"Bournemouth",8678,CIV,1,16,,1,1,,16,,,,,,,,,1,,0,,,,,,,,,,,,,,,,,,,
"Harrison Armstrong",1559637,"Everton",8668,ENG,11,499,,,,,499,,0.8,,0.8,,,,,4,,0.2,,,,1,,,,,,,,,,,,,,,
"Harry Howell",1446616,"Brighton and Hove Albion",10204,ENG,3,93,,,,,93,,,,,,,,,,,0,,,,,,,,,,,,,,,,,,,
"Harvey Elliott",963964,"Aston Villa",10252,ENG,5,110,,,,,110,,0.3,,,,,,,1,,0.1,,,,,,,,,,,,,,,,,,,
"Hjalmar Ekdal",831044,"Burnley",8191,SWE,15,1179,,,,,1179,,0.2,0.02,0.1,0.1,0.4,30.8,,3,1.7,0.3,0.02,0.04,0.2,1,1.5,0.7,7.3,0.6,,0.4,,,,,,,,,
"Ian Maatsen",966026,"Aston Villa",10252,NED,24,1258,,,,6.8,1258,,1.1,0.08,0.7,0.3,1.2,37.8,3,20,1.6,1.9,0.13,0.21,1.2,1,2.6,0.9,3.6,,0.2,0.8,2,,,,,,,,
"Igor Julio",768331,"West Ham United",8654,BRA,4,103,,,,,103,,,,,,,,,1,,0,,,,,,,,,,,,,,,,,,,
"Ilia Gruev",1080983,"Leeds United",8463,BUL,21,1294,,3,3,6.64,1294,,0.4,0.03,0.2,0.1,0.4,35,2,11,1.3,0.9,0.06,0.09,0.4,1,1.7,1,1.1,0.4,0.3,1.1,3,,,,,,,,
"Issa Diop",696443,"Fulham",9879,FRA,10,593,,,,,593,,0,,,,,,,,,0,,,,,,,,,,,2,,,,,,,,
"Jack Fletcher",1575707,"Manchester United",10260,SCO,3,107,,,,,107,,0,,,,,,,2,,0,,,,,,,,,,,,,,,,,,,
"Jack Harrison",751649,"Leeds United",8463,ENG,11,263,,,,,263,,0.3,,0.1,,,,1,2,,0.2,,,,1,,,,,,,,1,,,,,,,
"Jackson Tchatchoua",1210943,"Wolverhampton Wanderers",8602,CMR,28,1698,,1,1,6.52,1698,,0.3,0.02,0.2,0.1,0.1,19.6,3,19,0.7,1.6,0.08,0.1,0.3,,1.4,0.7,2.9,0.4,0.2,0.4,3,,,,,,,,
"Jacob Bruun Larsen",655575,"Burnley",8191,DEN,23,970,,1,1,6.32,970,,1.4,0.13,0.9,0.4,1.5,20,2,11,0.3,1.1,0.1,0.23,0.9,2,1.1,0.6,1.2,0.1,0.4,0.1,,,,,,,,,
"Jadon Sancho",846381,"Aston Villa",10252,ENG,19,761,,2,2,6.63,761,,0.6,0.07,0.5,0.4,1.2,33.7,3,21,0.1,1.9,0.22,0.29,1.5,1,0.7,0.2,1.1,,0.1,0.4,,,,,,,,,
"Jair Cunha",1391209,"Nottingham Forest",10203,BRA,3,214,,,,,214,,0.2,,,,,,,,,0,,,,,,,,,,,,,,,,,,,
"Jake O'Brien",1098607,"Everton",8668,IRL,30,2549,,1,1,6.8,2549,,0.9,0.03,0.8,0.1,0.3,24.2,,13,1.3,0.8,0.03,0.06,0.2,,1.7,0.4,4.3,0.5,0.1,0.5,2,1,,1,,,,,
"Jamaal Lascelles",279489,"Newcastle United",10261,ENG,2,19,,,,,19,,0,,,,,,,,,0,,,,,,,,,,,,,,,,,,,
"Jamaldeen Jimoh-Aloba",1557236,"Aston Villa",10252,ENG,1,8,,,,,8,,,,,,,,,,,0,,,,,,,,,,,,,,,,,,,
"James Hill",959407,"Bournemouth",8678,ENG,22,1474,,3,3,7.15,1474,,0.7,0.04,0.2,0.1,0.5,32.9,2,8,2.4,1.1,0.06,0.11,0.1,1,1.6,1.9,7.1,0.7,0.1,0.7,2,,,,,,,,
"James McAtee",1107648,"Nottingham Forest",10203,ENG,10,174,,,,,174,,0,,,,,,,3,,0.2,,,,,,,,,,,1,,,,,,,,
"James Rowswell",1531854,"Tottenham Hotspur",8586,ENG,1,1,,,,,1,,,,,,,,,,,,,,,,,,,,,,,,,,,,,,
"James Trafford",1187213,"Manchester City",8456,ENG,3,270,,,,,270,,,,,,,,,,,0,,,,,,,,,,,,,,,1,,,,
"James Ward-Prowse",279490,"Burnley",8191,ENG,11,731,,1,1,,731,,0.1,,,,,,6,17,,1.2,,,,,,,,,,,1,,,,,,,,
"Jamie Gittens",1113692,"Chelsea",8455,ENG,16,490,,2,2,,490,,0.8,0.15,0.1,0.4,1.8,21.7,2,9,0.6,0.9,0.17,0.32,2.4,1,1.5,0.4,0.6,0.2,0.4,1.1,,,,,,,,,
"Jaydee Canvot",1664722,"Crystal Palace",9826,FRA,13,704,,,,,704,,0.8,,,,,,,2,,0.2,,,,1,,,,,,,2,1,,,,,,,
"Jaydon Banel",1327789,"Burnley",8191,NED,1,9,,,,,9,,,,,,,,,,,0,,,,,,,,,,,,,,,,,,,
"Jean-Clair Todibo",955214,"West Ham United",8654,FRA,20,1700,,1,1,6.72,1700,,0.2,0.01,,,0.1,34.7,,5,1.3,0.3,0.02,0.03,0.2,1,2,0.8,4.9,0.6,0.1,0.4,4,,,1,,,,,
"Jefferson Lerma",466672,"Crystal Palace",9826,COL,24,1248,,2,2,6.78,1248,,1,0.07,1,0.4,1,37.5,2,10,2.7,0.9,0.07,0.14,0.1,2,1.4,1.2,3.5,0.1,0.1,1.4,6,,,,,,,,
"Jenson Seelt",1203192,"Sunderland",8472,NED,2,134,,,,,134,,,,,,,,,,,0,,,,,,,,,,,,,,,,,,,
"Jeremie Frimpong",966018,"Liverpool",8650,NED,15,752,,1,1,,752,,0.4,0.05,0.1,0.1,1,35.2,3,11,0.7,1.3,0.15,0.2,2.2,,1.1,0.6,1.3,,0.7,0.5,1,,,,,,,,
"Joachim Andersen",503659,"Fulham",9879,DEN,28,2472,,1,1,6.96,2472,,1.3,0.05,0.7,0.1,0.4,63.3,3,6,5.4,1.6,0.06,0.1,0.2,2,1.3,1,7.4,0.7,0,1,7,,,,,,,,
"Jocelin Ta Bi",1690655,"Sunderland",8472,CIV,1,39,,,,,39,,,,,,,,,,,0,,,,,,,,,,,,,,,,,,,
"Joe Knight",1416710,"Brighton and Hove Albion",10204,ENG,1,1,,,,,1,,,,,,,,,,,,,,,,,,,,,,,,,,,,,,
"Joe Worrall",716687,"Burnley",8191,ENG,11,497,,,,,497,,0.1,,,,,,,,,0,,,,,,,,,,,,,,,,,,,
"Joél Drakes-Thomas",1700817,"Crystal Palace",9826,ENG,2,7,,,,,7,,,,,,,,,,,0,,,,,,,,,,,,,,,,,,,
"Joël Piroe",792540,"Leeds United",8463,SUR,13,217,,,,,217,,0.9,,0.4,,,,,1,,0.1,,,,1,,,,,,,,,,,,,,,
"John Stones",263653,"Manchester City",8456,ENG,7,353,,,,,353,,,,,,,,,1,,0.1,,,,,,,,,,,,,,,,,,,
"John Victor",749834,"Nottingham Forest",10203,BRA,5,438,,,,,438,,,,,,,,,,,0,,,,,,,,,,,1,,,,1,,,,
"Jonah Kusi-Asare",1532672,"Fulham",9879,SWE,5,30,,,,,30,,,,,,,,,1,,0,,,,,,,,,,,1,,,,,,,,
"Jordan Pickford",303919,"Everton",8668,ENG,31,2790,,,,7.09,2790,,,,,,,23.4,,,,0.2,0.01,0.01,,,0.1,,1.3,,,,2,,,,11,71.1,2.8,5.1,1.1
"Jorge Cuenca",821728,"Fulham",9879,ESP,14,934,,,,,934,,0.1,,,,,,1,3,,0.6,,,,,,,,,,,5,,,,,,,,
"Jorrel Hato",1413846,"Chelsea",8455,NED,16,640,,,,,640,,0.3,0.04,,,0.6,53.2,1,7,0.6,0.5,0.07,0.12,0.6,,2.8,1.5,3.4,0.4,0.3,1.4,4,,,,,,,,
"José Sá",416175,"Wolverhampton Wanderers",8602,POR,19,1710,,,,6.73,1710,,,,,,,18.7,,1,,0.1,0,0,,,,,2.1,,,,2,,,,4,62.5,2.6,-3,1.6
"Joseph Gomez",568571,"Liverpool",8650,ENG,16,495,,2,2,,495,,0.2,0.04,,0.2,0.5,38.5,3,5,1.8,0.6,0.11,0.16,0.4,,0.9,1.6,3.8,0.2,,1.6,2,,,,,,,,
"Joseph Willock",860975,"Newcastle United",10261,ENG,20,699,,1,1,6.53,699,,0.8,0.1,0.3,0.4,1.3,26.3,2,10,0.9,0.7,0.08,0.19,0.8,1,2.3,0.8,0.6,0.1,0.9,1.9,3,,,,,,,,
"Jota Silva",1114798,"Nottingham Forest",10203,POR,1,11,,,,,11,,,,,,,,,,,0,,,,,,,,,,,,,,,,,,,
"Julio Soler",1358655,"Bournemouth",8678,ARG,3,34,,,,,34,,,,,,,,,,,0,,,,,,,,,,,,,,,,,,,
"Junai Byfield",1693398,"Tottenham Hotspur",8586,ENG,1,1,,,,,1,,,,,,,,,,,0,,,,,,,,,,,,,,,,,,,
"Kaden Rodney",1244376,"Crystal Palace",9826,ENG,1,3,,,,,3,,,,,,,,,,,0,,,,,,,,,,,,,,,,,,,
"Kai Havertz",749736,"Arsenal",9825,GER,6,264,,1,1,,264,,0.3,,0.1,,,,,4,,0.1,,,,,,,,,,,,,,,,,,,
"Karl Darlow",163604,"Leeds United",8463,WAL,15,1350,,,,6.86,1350,,,,,,,22.3,,,,0.1,0,0,0.1,,,,1.3,,,,1,,,,3,65.5,2.4,-2.8,1.3
"Kevin Danso",754126,"Tottenham Hotspur",8586,AUT,17,931,,,,,931,,0.3,0.03,0,0.1,0.4,49.3,,,2,0.2,0.02,0.04,,,1.8,1.2,9,0.8,,1.1,4,,,,,,,,
"Ki-Jana Hoever",1010733,"Wolverhampton Wanderers",8602,NED,8,428,,,,,428,,0,,0,,,,2,5,,0.4,,,,,,,,,,,,,,,,,,,
"Kieran Trippier",191869,"Newcastle United",10261,ENG,18,1461,,1,1,6.82,1461,,0.1,0.01,,,0.1,50.1,1,27,2.8,1.9,0.12,0.12,0.2,,1.4,0.6,2.8,0.1,0.1,1.3,3,,,,,,,,
"Kobbie Mainoo",1292810,"Manchester United",10260,ENG,22,1113,,2,2,6.85,1113,,0.2,0.02,0.1,0.2,0.6,51,,17,1.2,0.8,0.07,0.09,0.9,,2.1,0.6,1.5,0.4,0.6,0.6,,,,,,,,,
"Kristoffer Ajer",552718,"Brentford",9937,NOR,24,1625,,1,1,6.65,1625,,0.8,0.04,0.5,0.2,0.6,27.2,1,4,1.3,0.7,0.04,0.08,0.1,1,1.9,0.8,5.6,0.8,0.1,1.2,3,1,,,,,,,
"Kyle Walker",159833,"Burnley",8191,ENG,29,2549,,2,2,6.69,2549,,0.1,0,,,0.1,30.5,3,10,2.6,1.1,0.04,0.04,0.4,,1.5,1.3,3.1,0.4,0.1,1,8,,,,,,,,
"Lamare Bogarde",1190033,"Aston Villa",10252,NED,24,800,,,,,800,,,,,,,42.8,,2,0.7,0.2,0.02,0.02,0.2,,2.3,0.3,2.3,0.6,0.2,1.6,5,,,,,,,,
"Leny Yoro",1358581,"Manchester United",10260,FRA,28,1615,,,,6.66,1615,,1.1,0.06,0.6,0.1,0.4,45.1,,3,2,0.4,0.02,0.09,0.1,2,1.7,1.4,4.1,0.5,0.1,0.9,1,1,,,,,,,
"Leon Bailey",671331,"Aston Villa",10252,JAM,9,336,,1,1,,336,,0.3,,0.1,,,,,9,,1.2,,,,,,,,,,,1,,,,,,,,
"Lewis Cook",562724,"Bournemouth",8678,ENG,16,870,,1,1,,870,,0.1,0.01,,,0.3,43.8,,11,2.6,0.5,0.06,0.06,0.3,,2.6,2.5,2.7,0.6,0.5,0.8,1,,,1,,,,,
"Lewis Dunk",201690,"Brighton and Hove Albion",10204,ENG,29,2565,,,,6.95,2565,,1.2,0.04,0.1,0.1,0.7,71.6,1,6,2.6,0.5,0.02,0.06,0.1,,1.2,1,4.6,0.9,0.1,0.5,10,1,1,,,,,,
"Lisandro Martínez",847983,"Manchester United",10260,ARG,14,905,,,,,905,,0.1,,,,,,1,4,,0.5,,,,,,,,,,,,,,,,,,,
"Luca Netz",1155130,"Nottingham Forest",10203,GER,2,48,,,,,48,,,,,,,,,,,0.4,,,,,,,,,,,,,,,,,,,
"Lucas Digne",210111,"Aston Villa",10252,FRA,26,1558,,4,4,6.79,1558,,0.6,0.04,0.7,0.3,0.7,29.3,2,21,0.6,2.7,0.16,0.19,0.2,,1.7,0.7,2.9,0.2,0.1,0.6,3,,,,,,,,
"Lucas Perri",637656,"Leeds United",8463,BRA,16,1440,,,,6.58,1440,,,,,,,18.7,,,,0,0,0,,,,,1,,,0.1,2,1,,,3,56.7,2.4,-2.2,1.8
"Lucas Pires",1291325,"Burnley",8191,BRA,15,1103,,,,,1103,,0.3,0.03,0.1,0.1,0.9,29.7,1,16,0.9,1.2,0.1,0.13,0.9,,2,1.2,2.4,0.4,0.4,0.9,,,,1,,,,,
"Luis Guilherme",1458757,"West Ham United",8654,BRA,5,121,,,,,121,,0.1,,,,,,,1,,0,,,,,,,,,,,,,,,,,,,
"Luke O'Nien",480253,"Sunderland",8472,ENG,8,227,,,,,227,,,,,,,,,,,0,,,,,,,,,,,1,,,1,,,,,
"Luke Shaw",362694,"Manchester United",10260,ENG,31,2626,,1,1,6.88,2626,,0.5,0.02,0,0.1,0.2,43.9,1,15,1.6,1.5,0.05,0.07,0.2,,2.1,1.1,2.4,0.3,0.1,1.3,5,,,,,,,,
"Lutsharel Geertruida",881640,"Sunderland",8472,NED,25,1415,,,,6.66,1415,,0.9,0.06,0.4,0.1,0.5,32.9,1,7,1.5,0.7,0.05,0.1,0.4,1,2.2,1,2.7,0.5,0.3,0.9,1,,,,,,,,
"Mads Hermansen",967941,"West Ham United",8654,DEN,11,990,,,,,990,,,,,,,,,,,0,,,,,,,,,,,,,,,4,,,,
"Malick Diouf",1451265,"West Ham United",8654,SEN,25,2097,,5,5,6.82,2097,,0.5,0.02,0,0.1,0.6,23.7,4,15,1.8,1.8,0.08,0.1,0.7,,1.4,1.2,4.1,0.5,0.1,0.9,4,1,,,,,,,
"Mamadou Sarr",1426170,"Chelsea",8455,SEN,2,91,,,,,91,,0.4,,,,,,,,,0,,,,1,,,,,,,,,,,,,,,
"Manuel Ugarte",1035614,"Manchester United",10260,URU,21,791,,,,6.7,791,,0.5,0.06,0,0.1,1.3,43,,3,1.4,0.2,0.02,0.08,0.8,1,4.9,2,1.9,0.2,0.1,2.5,1,,,,,,,,
"Marc Guiu",1412137,"Chelsea",8455,ESP,9,248,,1,1,,248,,1.5,,0.1,,,,1,3,,0.3,,,,3,,,,,,,1,,,,,,,,
"Marco Bizot",195782,"Aston Villa",10252,NED,5,405,,,,,405,,,,,,,,,,,0,,,,,,,,,,,2,1,,,1,,,,
"Marcos Senesi",785411,"Bournemouth",8678,ARG,30,2660,,4,4,7.11,2660,,1.4,0.05,0.5,0.2,0.5,48.6,6,21,5.2,4.1,0.14,0.19,0.1,2,1.7,1.6,7.4,1.3,0.1,0.9,8,,,,,,,,
"Martin Dúbravka",72241,"Burnley",8191,SVK,31,2790,,,,6.76,2790,,,,,,,18.8,,,,0.1,0,0,,,0,,1.7,,,,1,,,,4,64.5,3.6,-3,2
"Mateo Kovacic",239219,"Manchester City",8456,CRO,1,4,,,,,4,,,,,,,,,,,0,,,,,,,,,,,,,,,,,,,
"Mats Wieffer",970243,"Brighton and Hove Albion",10204,NED,21,1575,,3,3,7.1,1575,,1.7,0.1,0.6,0.2,0.9,36.8,4,19,2.1,1.8,0.1,0.2,0.4,2,3.3,1.4,3.8,0.3,0.6,1.5,7,,,,,,,,
"Matt Doherty",239920,"Wolverhampton Wanderers",8602,IRL,10,706,,,,,706,,0.1,,,,,,1,3,,0.2,,,,,,,,,,,4,1,1,,,,,,
"Matz Sels",181069,"Nottingham Forest",10203,BEL,24,2037,,,,6.83,2037,,,,,,,15,,1,,0.1,0,0,,,0,,1,,,,2,,,,6,68.4,3,-0.8,1.4
"Max Alleyne",1414691,"Manchester City",8456,ENG,2,135,,,,,135,,0.3,,0.3,,,,,1,,0.1,,,,1,,,,,,,,,,,,,,,
"Max Kilman",865931,"West Ham United",8654,ENG,21,1559,,,,6.36,1559,,0.6,0.03,0.1,0.1,0.4,34.9,,4,1.6,0.3,0.02,0.05,0.2,2,0.9,0.5,6.4,1.4,,0.9,4,2,,,,,,,
"Maxime Estève",1250443,"Burnley",8191,FRA,28,2405,,,,6.45,2405,,0.7,0.02,0.1,0,0.3,35.7,1,7,1.5,0.6,0.02,0.05,0.1,,1.2,1.2,6.6,0.9,0.1,0.4,,,,,,,,,
"Melker Ellborg",1186615,"Sunderland",8472,SWE,3,270,,,,,270,,,,,,,,,,,0,,,,,,,,,,,,,,,1,,,,
"Merlin Röhl",1210384,"Everton",8668,GER,12,358,,,,,358,,0.6,,,,,,,5,,0.2,,,,1,,,,,,,,,,,,,,,
"Mike Trésor",963983,"Burnley",8191,BEL,4,19,,,,,19,,,,,,,,,,,0,,,,,,,,,,,,,,,,,,,
"Mohamadou Kanté",1529203,"West Ham United",8654,FRA,8,32,,,,,32,,0.1,,,,,,,1,,0,,,,,,,,,,,1,,,,,,,,
"Morato",1053838,"Nottingham Forest",10203,BRA,15,940,,,,,940,,0.8,0.08,0.5,0.1,0.4,47.5,,1,3.1,0.1,0.01,0.09,0.4,2,2.3,0.8,5.8,0.8,,1.1,4,,,,,,,,
"Myles Lewis-Skelly",1406436,"Arsenal",9825,ENG,14,312,,,,,312,,0.1,,,,,,,3,,0.1,,,,,,,,,,,3,,,,,,,,
"Myles Peart-Harris",1113813,"Brentford",9937,ENG,1,1,,,,,1,,,,,,,,,,,,,,,,,,,,,,,,,,,,,,
"Nathan Aké",417068,"Manchester City",8456,NED,14,488,,,,,488,,0.3,,,,,,2,6,,0.4,,,,1,,,,,,,1,,,,,,,,
"Nathan Patterson",1112684,"Everton",8668,SCO,6,239,,,,,239,,0,,0.1,,,,,,,0,,,,,,,,,,,,,,,,,,,
"Nathaniel Clyne",157838,"Crystal Palace",9826,ENG,8,498,,1,1,,498,,0.4,,,,,,2,3,,0.7,,,,,,,,,,,1,,,,,,,,
"Nayef Aguerd",617310,"West Ham United",8654,MAR,2,180,,,,,180,,0.1,,,,,,,,,0,,,,,,,,,,,,,,,,,,,
"Nehemiah Oriola",1526697,"Brighton and Hove Albion",10204,ENG,1,1,,,,,1,,,,,,,,,,,,,,,,,,,,,,,,,,,,,,
"Nick Pope",280484,"Newcastle United",10261,ENG,22,1967,,,,6.91,1967,,0.2,0.01,0.3,0,0,13.3,,,,0,0,0.01,,,0,,1.5,,,,1,,,,7,67.7,3.1,-2.8,1.5
"Niclas Füllkrug",276791,"West Ham United",8654,GER,8,408,,,,,408,,0.9,,0.4,,,,,7,,0.2,,,,1,,,,,,,,,,,,,,,
"Nikola Milenkovic",766611,"Nottingham Forest",10203,SRB,31,2790,,,,6.68,2790,,0.8,0.03,0.1,0,0.5,35.7,1,1,2.3,0.5,0.02,0.04,0,2,0.7,0.8,5.8,0.9,,0.4,6,,,,,,,,
"Nilson Angulo",1287010,"Sunderland",8472,ECU,5,257,,,,,257,,0.5,,0.5,,,,,2,,0.1,,,,2,,,,,,,,,,,,,,,
"Noah Sadiki",1359649,"Sunderland",8472,COD,26,2295,,,,6.83,2295,,0.6,0.03,0.3,0.2,0.5,29.1,,10,1.3,1,0.04,0.06,0.8,,1.5,1.1,1.5,0.4,0.3,0.9,7,,,,,,,,
"Noussair Mazraoui",775539,"Manchester United",10260,MAR,15,615,,,,,615,,0.2,0.03,,,0.6,47,,2,2.3,0.3,0.04,0.07,0.9,,2.3,1.2,5.1,0.3,0.3,1.2,3,,,,,,,,
"Odsonne Édouard",637746,"Crystal Palace",9826,FRA,1,2,,,,,2,,,,,,,,,,,,,,,,,,,,,,,,,,,,,,
"Ola Aina",682548,"Nottingham Forest",10203,NGA,15,1321,,,,7,1321,,0.4,0.02,0,0.1,0.7,29.8,,7,2,0.7,0.05,0.07,0.9,,1.6,1.6,4.2,0.2,0.1,0.9,3,,,,,,,,
"Oleksandr Zinchenko",623621,"Nottingham Forest",10203,UKR,5,353,,,,,353,,0.1,,0.1,,,,1,5,,0.4,,,,,,,,,,,,,,,,,,,
"Oliver Scarles",1315319,"West Ham United",8654,ENG,12,657,,,,,657,,0.2,,,,,,3,4,,0.3,,,,,,,,,,,1,,1,,,,,,
"Olivier Boscagli",613715,"Brighton and Hove Albion",10204,FRA,8,440,,1,1,,440,,0,,,,,,,2,,0.3,,,,,,,,,,,2,,,,,,,,
"Oscar Bobb",1113790,"Fulham",9879,NOR,16,764,,1,1,,764,,1.1,0.12,0.8,0.1,0.8,31.8,1,16,0.2,1.5,0.18,0.31,2.6,1,1.6,0.8,0.1,,0.6,0.9,1,,,,,,,,
"Pablo",1227326,"West Ham United",8654,BRA,7,407,,,,,407,,0.5,,,,,,,5,,0.1,,,,1,,,,,,,,,,,,,,,
"Pascal Struijk",796974,"Leeds United",8463,NED,28,2431,,1,1,6.92,2431,,2.5,0.09,1.5,0.1,0.9,50.7,1,11,2.2,0.7,0.03,0.12,0.1,4,1.1,1,6.6,0.6,0,0.8,4,,,,,,,,
"Patrick Roberts",527549,"Sunderland",8472,ENG,1,27,,,,,27,,0,,,,,,,,,0,,,,,,,,,,,,,,,,,,,
"Pau Torres",792645,"Aston Villa",10252,ESP,17,1389,,,,6.82,1389,,0.6,0.04,,,0.5,55.1,,1,2.6,0.3,0.02,0.06,0.4,,1.2,0.7,3.6,0.9,0.2,0.3,,,,,,,,,
"Pedro Lima",1610952,"Wolverhampton Wanderers",8602,BRA,3,3,,,,,3,,,,,,,,,,,0,,,,,,,,,,,,,,,,,,,
"Pedro Porro",941573,"Tottenham Hotspur",8586,ESP,27,2168,,2,2,6.98,2168,,0.6,0.02,0.2,0.1,0.8,35.2,6,37,4.3,3.1,0.13,0.15,0.5,,2.1,0.7,3.3,0.4,0.3,1.1,6,,,,,,,,
"Quilindschy Hartman",1393669,"Burnley",8191,NED,17,1503,,4,4,6.8,1503,,0.2,0.01,0.2,0.2,0.4,26.7,5,19,1.6,1.7,0.1,0.12,0.2,,2.2,1.4,3.4,0.1,,0.6,1,,,,,,,,
"Radu Dragusin",1203661,"Tottenham Hotspur",8586,ROU,8,513,,,,,513,,0.3,,,,,,,,,0,,,,,,,,,,,,,,,,,,,
"Rayan Aït-Nouri",933845,"Manchester City",8456,ALG,13,782,,2,2,,782,,0.4,,0.1,,,,2,8,,1.6,,,,1,,,,,,,2,,,,,,,,
"Reinildo",600524,"Sunderland",8472,MOZ,18,1429,,1,1,6.85,1429,,0.1,0.01,,,0.3,31.3,,4,1.1,0.6,0.03,0.04,0.8,,1.7,1.4,4,0.7,0.3,1.6,7,1,1,1,,,,,
"Reiss Nelson",748382,"Brentford",9937,ENG,7,55,,,,,55,,0.7,,0.5,,,,,,,0.1,,,,2,,,,,,,,,,,,,,,
"Rico Henry",562892,"Brentford",9937,JAM,25,1328,,1,1,6.52,1328,,0.2,0.01,,,0.3,25.1,1,4,1.6,0.5,0.04,0.05,1,,1,0.5,2.8,0.3,0.2,1,2,1,,,,,,,
"Rico Lewis",1288450,"Manchester City",8456,ENG,10,312,,1,1,,312,,0.1,,,,,,2,6,,1.3,,,,,,,,,,,1,,,,,,,,
"Robert Sánchez",789571,"Chelsea",8455,ESP,29,2525,,1,1,7.16,2525,,,,,,,26.7,2,5,,0.1,0,0,,,0.1,0,0.8,,,0.1,3,,,1,9,70.2,2.9,2.1,1.2
"Robin Roefs",1125720,"Sunderland",8472,NED,28,2520,,,,7.07,2520,,,,,,,25.1,1,4,,0.1,0,0,0,,,,1.2,,,,3,,,,8,71.4,3,0.2,1.2
"Romain Esse",1428401,"Crystal Palace",9826,ENG,4,40,,,,,40,,,,,,,,,,,0,,,,,,,,,,,,,,,,,,,
"Romaine Mundle",1123947,"Sunderland",8472,ENG,14,400,,,,,400,,0.9,,0.1,,,,,1,,0.5,,,,1,,,,,,,1,,,,,,,,
"Romelle Donovan",1433230,"Brentford",9937,ENG,4,38,,,,,38,,0.1,,0,,,,,1,,0,,,,,,,,,,,,,,,,,,,
"Roméo Lavia",1190867,"Chelsea",8455,BEL,8,221,,,,,221,,0.1,,,,,,,,,0.1,,,,,,,,,,,,,,,,,,,
"Ryan Yates",775614,"Nottingham Forest",10203,ENG,16,406,,1,1,,406,,0.2,0.05,0,0.2,1.1,30.1,,3,0.7,0.2,0.05,0.1,0.2,1,2.4,1.3,2.4,0.2,0.4,1.8,1,,,,,,,,
"Sam Byram",363318,"Leeds United",8463,ENG,1,7,,,,,7,,,,,,,,,,,0,,,,,,,,,,,,,,,,,,,
"Sam Johnstone",280287,"Wolverhampton Wanderers",8602,ENG,12,1080,,,,,1080,,,,,,,,,,,0,,,,,,,,,,,,,,,,,,,
"Sander Berge",540963,"Fulham",9879,NOR,31,2596,,1,1,6.68,2596,,1.3,0.04,0.2,0.1,0.3,48.1,3,16,1.7,1.2,0.04,0.09,0.3,2,1.8,0.7,1.6,0.5,0.2,1.1,5,1,,,,,,,
"Sandro Tonali",867414,"Newcastle United",10261,ITA,29,2045,,2,2,7.03,2045,,1.6,0.07,1.6,0.3,1.2,46.7,5,26,2.6,2.4,0.1,0.17,0.7,1,1.3,1.1,1.1,0.3,0.4,0.8,3,,,,,,,,
"Sasa Kalajdzic",858198,"Wolverhampton Wanderers",8602,AUT,1,14,,,,,14,,,,,,,,,,,0,,,,,,,,,,,,,,,,,,,
"Savinho",1174337,"Manchester City",8456,BRA,17,565,,1,1,,565,,1.5,0.24,0.6,1.4,2.2,34.9,,6,0.8,1.2,0.19,0.44,1.3,6,1,0.8,0.6,,0.5,1.3,2,,1,,,,,,
"Séamus Coleman",77690,"Everton",8668,IRL,3,12,,,,,12,,,,,,,,,,,0,,,,,,,,,,,,,,,,,,,
"Sebastiaan Bornauw",922892,"Leeds United",8463,BEL,9,308,,,,,308,,,,,,,,,,,0,,,,,,,,,,,1,,,,,,,,
"Senne Lammens",1178602,"Manchester United",10260,BEL,25,2250,,,,7.12,2250,,,,,,,17,,,,0,0,0,,,0,,0.9,,,,,,,,5,64,2.3,3.1,1.3
"Sepp van den Berg",919435,"Brentford",9937,NED,26,2303,,1,1,6.86,2303,,2.6,0.1,2,0.2,0.8,40.8,4,5,1.8,0.8,0.03,0.14,0,4,0.6,1,6.5,0.6,0,0.5,1,,,,,,,,
"Shea Lacey",1436260,"Manchester United",10260,ENG,2,12,,,,,12,,0.1,,0,,,,,,,0,,,,,,,,,,,,,,,,,,,
"Solly March",416850,"Brighton and Hove Albion",10204,ENG,1,4,,,,,4,,,,,,,,,,,,,,,,,,,,,,,,,,,,,,
"Souza",1636513,"Tottenham Hotspur",8586,BRA,4,144,,,,,144,,0,,0.2,,,,,3,,0,,,,,,,,,,,1,,,,,,,,
"Stefan Ortega",276729,"Nottingham Forest",10203,GER,3,270,,,,,270,,,,,,,,,,,0,,,,,,,,,,,,,,,1,,,,
"Tawanda Chirewa",1111392,"Wolverhampton Wanderers",8602,ZIM,2,25,,,,,25,,,,,,,,,,,0,,,,,,,,,,,,,,,,,,,
"Tim Iroegbunam",1203512,"Everton",8668,ENG,23,1108,,2,2,6.79,1108,,0.5,0.04,0.1,0.1,0.7,24.1,3,6,0.6,0.6,0.05,0.09,0.6,,4.1,1.5,0.4,0.6,0.3,1.8,8,,1,,,,,,
"Timothy Castagne",465750,"Fulham",9879,BEL,23,1219,,,,6.75,1219,,1.1,0.08,1,0.3,0.7,33.2,1,10,1.7,0.7,0.05,0.13,0.1,1,1.9,1.7,3.7,0.6,0.1,1,3,,,,,,,,
"Tom Watson",1310131,"Brighton and Hove Albion",10204,ENG,6,57,,,,,57,,0,,0.2,,,,,,,0,,,,,,,,,,,1,,,,,,,,
"Tosin Adarabioyo",683402,"Chelsea",8455,ENG,15,744,,,,,744,,0.1,0.01,,,0.2,77.1,1,1,2.4,0.4,0.05,0.06,,,1.8,1.1,7.9,0.6,,0.6,2,,,,,,,,
"Toti Gomes",1013277,"Wolverhampton Wanderers",8602,POR,14,1043,,,,,1043,,0.2,,0,,,,,5,,0.2,,,,,,,,,,,2,,,1,,,,,
"Trai Hume",1067763,"Sunderland",8472,NIR,31,2583,,1,1,6.84,2583,,1.9,0.07,1,0.2,1,22.5,1,19,1.3,1.5,0.05,0.12,0.1,4,2,0.8,3,0.3,0.3,0.9,8,1,,,,,,,
"Trey Nyoni",1436258,"Liverpool",8650,ENG,4,13,,,,,13,,0.4,,,,,,,1,,0,,,,1,,,,,,,,,,,,,,,
"Tyler Dibling",1292833,"Everton",8668,ENG,14,350,,,,,350,,0.2,,,,,,,4,,0.2,,,,,,,,,,,2,,,,,,,,
"Tyler Fletcher",1676985,"Manchester United",10260,SCO,1,1,,,,,1,,,,,,,,,,,0,,,,,,,,,,,,,,,,,,,
"Tyler Fredricson",1403351,"Manchester United",10260,ENG,1,2,,,,,2,,,,,,,,,,,,,,,,,,,,,,,,,,,,,,
"Tyrell Malacia",865118,"Manchester United",10260,NED,2,7,,,,,7,,,,,,,,,,,0,,,,,,,,,,,,,,,,,,,
"Tyrique George",1424875,"Everton",8668,ENG,9,247,,,,,247,,0.4,,1.1,,,,,,,0.1,,,,1,,,,,,,2,,,,,,,,
"Tyrone Mings",419664,"Aston Villa",10252,ENG,13,963,,,,,963,,1.1,,,,,,1,5,,0.4,,,,1,,,,,,,,,,,,,,,
"Valentino Livramento",1107910,"Newcastle United",10261,ENG,15,1164,,1,1,7.07,1164,,0.1,0.01,,,0.2,38.3,1,10,1.4,0.9,0.07,0.08,0.9,,1.5,0.5,2.6,0.2,0.3,0.5,1,,,,,,,,
"Veljko Milosavljevic",1666977,"Bournemouth",8678,SRB,7,367,,,,,367,,0.2,,,,,,,1,,0.2,,,,1,,,,,,,,,,,,,,,
"Victor Nilsson Lindelöf",258269,"Aston Villa",10252,SWE,12,572,,1,1,,572,,0,,,,,,1,2,,0.1,,,,,,,,,,,,,,,,,,,
"Vitaliy Mykolenko",874025,"Everton",8668,UKR,26,2330,,1,1,6.84,2330,,0.3,0.01,0.2,0.1,0.3,29,1,18,1.5,2.3,0.09,0.1,0.3,,1.4,1,4.3,0.3,0.3,1,5,,,,,,,,
"Walter Benítez",448897,"Crystal Palace",9826,ARG,1,90,,,,,90,,,,,,,,,,,0,,,,,,,,,,,,,,,1,,,,
"Wataru Endo",202643,"Liverpool",8650,JPN,8,171,,1,1,,171,,0,,,,,,,1,,0.1,,,,,,,,,,,1,,,,,,,,
"Wesley Fofana",917802,"Chelsea",8455,FRA,19,1277,,1,1,6.98,1277,,0.6,0.04,,,0.4,62.5,1,3,1.4,0.6,0.04,0.08,0.7,,1.1,1.8,7.1,1.1,0.1,1.3,4,,,1,,,,,
"Wilfried Gnonto",1107286,"Leeds United",8463,ITA,16,380,,1,1,,380,,0.3,0.07,,,1.9,28.2,1,6,1.4,0.5,0.13,0.19,0.2,,3.3,0.7,1.7,,0.9,1.7,3,,1,,,,,,
"Will Hughes",295067,"Crystal Palace",9826,ENG,27,1295,,,,6.58,1295,,1.1,0.08,,,1.2,33,1,19,1.3,1.7,0.12,0.19,0.7,1,1.7,0.8,1.7,0.3,,1.3,7,1,,,,,,,
"Wilson Odobert",1341387,"Tottenham Hotspur",8586,FRA,24,980,,2,2,6.56,980,,1.9,0.17,1.5,0.7,2,25.3,2,20,0.6,1.2,0.11,0.29,2.2,4,0.9,0.1,1.2,,0.6,0.2,,,,,,,,,
"Yerson Mosquera",1200657,"Wolverhampton Wanderers",8602,COL,22,1711,,,,6.78,1711,,1.6,0.08,0.6,0.3,1.1,27.5,1,10,1.1,0.5,0.03,0.11,0.4,2,2.7,1,4.8,0.7,,1.3,9,2,,,,,,,
"Youri Tielemans",465960,"Aston Villa",10252,BEL,18,1322,,4,4,7.24,1322,,1,0.07,0.7,0.3,1.2,47.5,4,27,2.9,2.6,0.18,0.25,0.6,2,2.7,0.7,0.9,0.7,0.5,1.5,,,,,,,,,
"Yves Bissouma",724306,"Tottenham Hotspur",8586,MLI,8,463,,,,,463,,0.4,,0.1,,,,,,,0.1,,,,,,,,,,,3,,,,,,,,
"Zach Abbott",1296769,"Nottingham Forest",10203,ENG,2,121,,,,,121,,,,,,,,,,,0,,,,,,,,,,,,,,,,,,,