id,minute,result,X,Y,xG,player,h_a,player_id,situation,season,shotType,match_id,h_team,a_team,h_goals,a_goals,date,player_assisted,lastAction,player_name
197654,89,MissedShots,0.7780000305175782,0.37599998474121094,0.030074400827288628,Bryan Mbeumo,a,6552,FromCorner,2017,LeftFoot,8825,Rennes,Troyes,2,0,2018-02-24 19:00:00,Mathieu Deplagne,Pass,Bryan Mbeumo
214999,93,BlockedShot,0.735999984741211,0.40599998474121096,0.019047800451517105,Bryan Mbeumo,a,6552,OpenPlay,2017,LeftFoot,8934,Montpellier,Troyes,1,1,2018-05-12 20:00:00,Karim Azamoum,Pass,Bryan Mbeumo
216333,84,SavedShot,0.855,0.754000015258789,0.025533899664878845,Bryan Mbeumo,h,6552,OpenPlay,2017,LeftFoot,8939,Troyes,Monaco,0,3,2018-05-19 19:00:00,Adama Niane,Pass,Bryan Mbeumo
425565,11,ShotOnPost,0.9080000305175782,0.315,0.11829700320959091,Bryan Mbeumo,h,6552,OpenPlay,2021,RightFoot,16376,Brentford,Arsenal,2,0,2021-08-13 19:00:00,Ivan Toney,Throughball,Bryan Mbeumo
425569,29,MissedShots,0.8919999694824219,0.35700000762939454,0.08069059997797012,Bryan Mbeumo,h,6552,OpenPlay,2021,RightFoot,16376,Brentford,Arsenal,2,0,2021-08-13 19:00:00,Kristoffer Ajer,Chipped,Bryan Mbeumo
427033,20,MissedShots,0.88,0.6619999694824219,0.07181870192289352,Bryan Mbeumo,a,6552,OpenPlay,2021,LeftFoot,16389,Crystal Palace,Brentford,0,0,2021-08-21 14:00:00,Rico Henry,Pass,Bryan Mbeumo
427036,39,ShotOnPost,0.9009999847412109,0.18700000762939453,0.062363799661397934,Bryan Mbeumo,a,6552,DirectFreekick,2021,LeftFoot,16389,Crystal Palace,Brentford,0,0,2021-08-21 14:00:00,,Standard,Bryan Mbeumo
427043,59,MissedShots,0.7869999694824219,0.3729999923706055,0.02436150051653385,Bryan Mbeumo,a,6552,SetPiece,2021,LeftFoot,16389,Crystal Palace,Brentford,0,0,2021-08-21 14:00:00,Vitaly Janelt,Pass,Bryan Mbeumo
428719,30,SavedShot,0.8919999694824219,0.37599998474121094,0.31873199343681335,Bryan Mbeumo,a,6552,OpenPlay,2021,RightFoot,16399,Aston Villa,Brentford,1,1,2021-08-28 14:00:00,Saman Ghoddos,Throughball,Bryan Mbeumo
429955,23,MissedShots,0.8059999847412109,0.575999984741211,0.04875560104846954,Bryan Mbeumo,h,6552,OpenPlay,2021,LeftFoot,16408,Brentford,Brighton,0,1,2021-09-11 14:00:00,Vitaly Janelt,Pass,Bryan Mbeumo
429954,23,MissedShots,0.8980000305175782,0.5990000152587891,0.3024219870567322,Bryan Mbeumo,h,6552,OpenPlay,2021,LeftFoot,16408,Brentford,Brighton,0,1,2021-09-11 14:00:00,Ivan Toney,Cross,Bryan Mbeumo
429956,47,MissedShots,0.8490000152587891,0.42400001525878905,0.07109180092811584,Bryan Mbeumo,h,6552,OpenPlay,2021,LeftFoot,16408,Brentford,Brighton,0,1,2021-09-11 14:00:00,Ivan Toney,TakeOn,Bryan Mbeumo
431116,33,Goal,0.9680000305175781,0.47200000762939454,0.7924140095710754,Bryan Mbeumo,a,6552,OpenPlay,2021,LeftFoot,16417,Wolverhampton Wanderers,Brentford,0,2,2021-09-18 11:30:00,Ivan Toney,Pass,Bryan Mbeumo
431118,45,MissedShots,0.8130000305175781,0.495,0.07779829949140549,Bryan Mbeumo,a,6552,OpenPlay,2021,LeftFoot,16417,Wolverhampton Wanderers,Brentford,0,2,2021-09-18 11:30:00,Vitaly Janelt,BallRecovery,Bryan Mbeumo
431123,89,ShotOnPost,0.8480000305175781,0.5120000076293946,0.16684000194072723,Bryan Mbeumo,a,6552,OpenPlay,2021,LeftFoot,16417,Wolverhampton Wanderers,Brentford,0,2,2021-09-18 11:30:00,Vitaly Janelt,TakeOn,Bryan Mbeumo
433685,10,BlockedShot,0.894000015258789,0.4279999923706055,0.5210559964179993,Bryan Mbeumo,h,6552,OpenPlay,2021,LeftFoot,16432,Brentford,Liverpool,3,3,2021-09-25 16:30:00,Ivan Toney,BallRecovery,Bryan Mbeumo
435364,1,ShotOnPost,0.8190000152587891,0.45,0.04960529878735542,Bryan Mbeumo,a,6552,FromCorner,2021,LeftFoot,16444,West Ham,Brentford,1,2,2021-10-03 13:00:00,,Rebound,Bryan Mbeumo
435365,3,MissedShots,0.914000015258789,0.4329999923706055,0.04664640128612518,Bryan Mbeumo,a,6552,OpenPlay,2021,Head,16444,West Ham,Brentford,1,2,2021-10-03 13:00:00,Rico Henry,Aerial,Bryan Mbeumo
435373,19,Goal,0.9680000305175781,0.5670000076293945,0.5753430128097534,Bryan Mbeumo,a,6552,OpenPlay,2021,LeftFoot,16444,West Ham,Brentford,1,2,2021-10-03 13:00:00,,Rebound,Bryan Mbeumo
435375,35,BlockedShot,0.8109999847412109,0.48700000762939455,0.1531510055065155,Bryan Mbeumo,a,6552,DirectFreekick,2021,LeftFoot,16444,West Ham,Brentford,1,2,2021-10-03 13:00:00,,Standard,Bryan Mbeumo
436421,21,ShotOnPost,0.9269999694824219,0.5920000076293945,0.09565609693527222,Bryan Mbeumo,h,6552,FromCorner,2021,LeftFoot,16448,Brentford,Chelsea,0,1,2021-10-16 16:30:00,Christian Nørgaard,HeadPass,Bryan Mbeumo
436427,74,ShotOnPost,0.845,0.4470000076293945,0.05690459907054901,Bryan Mbeumo,h,6552,OpenPlay,2021,LeftFoot,16448,Brentford,Chelsea,0,1,2021-10-16 16:30:00,,None,Bryan Mbeumo
438190,8,MissedShots,0.8530000305175781,0.47099998474121096,0.09870020300149918,Bryan Mbeumo,h,6552,OpenPlay,2021,LeftFoot,16457,Brentford,Leicester,1,2,2021-10-24 13:00:00,Ivan Toney,Pass,Bryan Mbeumo
438193,19,SavedShot,0.8019999694824219,0.365,0.03213369846343994,Bryan Mbeumo,h,6552,OpenPlay,2021,LeftFoot,16457,Brentford,Leicester,1,2,2021-10-24 13:00:00,Sergi Canos,Pass,Bryan Mbeumo
438194,23,BlockedShot,0.7619999694824219,0.41200000762939454,0.02306409925222397,Bryan Mbeumo,h,6552,OpenPlay,2021,LeftFoot,16457,Brentford,Leicester,1,2,2021-10-24 13:00:00,Zanka,Pass,Bryan Mbeumo
441087,19,BlockedShot,0.8469999694824218,0.41,0.05319799855351448,Bryan Mbeumo,h,6552,OpenPlay,2021,LeftFoot,16477,Brentford,Norwich,1,2,2021-11-06 15:00:00,,Rebound,Bryan Mbeumo
442587,18,BlockedShot,0.8540000152587891,0.36200000762939455,0.09532789885997772,Bryan Mbeumo,a,6552,OpenPlay,2021,LeftFoot,16491,Newcastle United,Brentford,3,3,2021-11-20 15:00:00,,None,Bryan Mbeumo
442611,77,MissedShots,0.7759999847412109,0.644000015258789,0.010986300185322762,Bryan Mbeumo,a,6552,FromCorner,2021,LeftFoot,16491,Newcastle United,Brentford,3,3,2021-11-20 15:00:00,Ivan Toney,HeadPass,Bryan Mbeumo
444546,41,SavedShot,0.84,0.5609999847412109,0.12985800206661224,Bryan Mbeumo,h,6552,OpenPlay,2021,RightFoot,16497,Brentford,Everton,1,0,2021-11-28 14:00:00,Vitaly Janelt,BallTouch,Bryan Mbeumo
444561,95,MissedShots,0.8680000305175781,0.655,0.06989140063524246,Bryan Mbeumo,h,6552,OpenPlay,2021,RightFoot,16497,Brentford,Everton,1,0,2021-11-28 14:00:00,,None,Bryan Mbeumo
445746,27,MissedShots,0.7719999694824219,0.6530000305175782,0.0138088995590806,Bryan Mbeumo,a,6552,FromCorner,2021,LeftFoot,16515,Tottenham,Brentford,2,0,2021-12-02 19:30:00,,Aerial,Bryan Mbeumo
445760,87,MissedShots,0.77,0.28200000762939453,0.012852200306952,Bryan Mbeumo,a,6552,OpenPlay,2021,LeftFoot,16515,Tottenham,Brentford,2,0,2021-12-02 19:30:00,Ivan Toney,TakeOn,Bryan Mbeumo
446683,3,BlockedShot,0.8690000152587891,0.28899999618530275,0.04164569824934006,Bryan Mbeumo,a,6552,OpenPlay,2021,LeftFoot,16518,Leeds,Brentford,2,2,2021-12-05 14:00:00,Sergi Canos,Pass,Bryan Mbeumo
446686,10,MissedShots,0.8980000305175782,0.5840000152587891,0.07519350200891495,Bryan Mbeumo,a,6552,OpenPlay,2021,LeftFoot,16518,Leeds,Brentford,2,2,2021-12-05 14:00:00,Ethan Pinnock,Cross,Bryan Mbeumo
446698,77,BlockedShot,0.7680000305175781,0.46599998474121096,0.033911701291799545,Bryan Mbeumo,a,6552,OpenPlay,2021,LeftFoot,16518,Leeds,Brentford,2,2,2021-12-05 14:00:00,Vitaly Janelt,Pass,Bryan Mbeumo
446701,85,BlockedShot,0.7380000305175781,0.5520000076293945,0.054958101361989975,Bryan Mbeumo,a,6552,DirectFreekick,2021,LeftFoot,16518,Leeds,Brentford,2,2,2021-12-05 14:00:00,,Standard,Bryan Mbeumo
447383,21,SavedShot,0.8040000152587891,0.2929999923706055,0.08070559799671173,Bryan Mbeumo,h,6552,OpenPlay,2021,LeftFoot,16527,Brentford,Watford,2,1,2021-12-10 20:00:00,Shandon Baptiste,Chipped,Bryan Mbeumo
447387,27,MissedShots,0.8140000152587891,0.5670000076293945,0.0411125011742115,Bryan Mbeumo,h,6552,SetPiece,2021,RightFoot,16527,Brentford,Watford,2,1,2021-12-10 20:00:00,,None,Bryan Mbeumo
447398,95,Goal,0.885,0.5,0.7611690163612366,Bryan Mbeumo,h,6552,Penalty,2021,LeftFoot,16527,Brentford,Watford,2,1,2021-12-10 20:00:00,,Standard,Bryan Mbeumo
450669,12,MissedShots,0.89,0.4470000076293945,0.026841599494218826,Bryan Mbeumo,a,6552,OpenPlay,2021,Head,16557,Brighton,Brentford,2,0,2021-12-26 20:00:00,Mads Bech Sørensen,Aerial,Bryan Mbeumo
452950,84,SavedShot,0.9640000152587891,0.565,0.3403030037879944,Bryan Mbeumo,a,6552,OpenPlay,2021,LeftFoot,16551,Southampton,Brentford,4,1,2022-01-11 21:45:00,Mathias Jensen,Chipped,Bryan Mbeumo
453611,58,MissedShots,0.870999984741211,0.5420000076293945,0.10358399897813797,Bryan Mbeumo,a,6552,OpenPlay,2021,LeftFoot,16589,Liverpool,Brentford,3,0,2022-01-16 14:00:00,Christian Nørgaard,Throughball,Bryan Mbeumo
454675,70,BlockedShot,0.8009999847412109,0.6830000305175781,0.07365640252828598,Bryan Mbeumo,h,6552,DirectFreekick,2021,LeftFoot,16597,Brentford,Wolverhampton Wanderers,1,2,2022-01-22 15:00:00,,Standard,Bryan Mbeumo
457035,26,SavedShot,0.9219999694824219,0.41,0.3990980088710785,Bryan Mbeumo,h,6552,OpenPlay,2021,LeftFoot,16616,Brentford,Crystal Palace,0,0,2022-02-12 15:00:00,Sergi Canos,Throughball,Bryan Mbeumo
457046,80,MissedShots,0.8059999847412109,0.3240000152587891,0.013288799673318863,Bryan Mbeumo,h,6552,OpenPlay,2021,RightFoot,16616,Brentford,Crystal Palace,0,0,2022-02-12 15:00:00,,Aerial,Bryan Mbeumo
458232,11,BlockedShot,0.8590000152587891,0.3509999847412109,0.0877785012125969,Bryan Mbeumo,a,6552,OpenPlay,2021,LeftFoot,16626,Arsenal,Brentford,2,1,2022-02-19 15:00:00,Josh Dasilva,Pass,Bryan Mbeumo
459804,76,BlockedShot,0.8540000152587891,0.3940000152587891,0.0827224999666214,Bryan Mbeumo,h,6552,OpenPlay,2021,LeftFoot,16637,Brentford,Newcastle United,0,2,2022-02-26 15:00:00,Christian Nørgaard,Pass,Bryan Mbeumo
461105,6,SavedShot,0.9569999694824218,0.325,0.041702400892972946,Bryan Mbeumo,a,6552,FromCorner,2021,RightFoot,16652,Norwich,Brentford,1,3,2022-03-05 15:00:00,Ethan Pinnock,HeadPass,Bryan Mbeumo
461108,19,BlockedShot,0.7880000305175782,0.41900001525878905,0.04810300096869469,Bryan Mbeumo,a,6552,OpenPlay,2021,LeftFoot,16652,Norwich,Brentford,1,3,2022-03-05 15:00:00,Christian Nørgaard,TakeOn,Bryan Mbeumo
461120,72,BlockedShot,0.8819999694824219,0.6170000076293946,0.060251299291849136,Bryan Mbeumo,a,6552,FromCorner,2021,RightFoot,16652,Norwich,Brentford,1,3,2022-03-05 15:00:00,,None,Bryan Mbeumo
462490,6,MissedShots,0.879000015258789,0.44299999237060544,0.10634899884462357,Bryan Mbeumo,h,6552,OpenPlay,2021,LeftFoot,16657,Brentford,Burnley,2,0,2022-03-12 15:00:00,Ivan Toney,Pass,Bryan Mbeumo
462493,28,BlockedShot,0.8419999694824218,0.47200000762939454,0.0695502981543541,Bryan Mbeumo,h,6552,OpenPlay,2021,LeftFoot,16657,Brentford,Burnley,2,0,2022-03-12 15:00:00,Christian Eriksen,Chipped,Bryan Mbeumo
462495,44,BlockedShot,0.9459999847412109,0.31799999237060544,0.027415499091148376,Bryan Mbeumo,h,6552,OpenPlay,2021,LeftFoot,16657,Brentford,Burnley,2,0,2022-03-12 15:00:00,Sergi Canos,Cross,Bryan Mbeumo
464418,59,SavedShot,0.960999984741211,0.54,0.5724329948425293,Bryan Mbeumo,a,6552,OpenPlay,2021,Head,16668,Leicester,Brentford,2,1,2022-03-20 14:00:00,Ivan Toney,Cross,Bryan Mbeumo
464427,87,SavedShot,0.7569999694824219,0.27600000381469725,0.01622840017080307,Bryan Mbeumo,a,6552,OpenPlay,2021,LeftFoot,16668,Leicester,Brentford,2,1,2022-03-20 14:00:00,,Rebound,Bryan Mbeumo
465248,49,SavedShot,0.8590000152587891,0.49700000762939456,0.08723530173301697,Bryan Mbeumo,a,6552,OpenPlay,2021,LeftFoot,16683,Chelsea,Brentford,1,4,2022-04-02 14:00:00,Vitaly Janelt,Pass,Bryan Mbeumo
467150,14,SavedShot,0.8480000305175781,0.534000015258789,0.016476500779390335,Bryan Mbeumo,h,6552,OpenPlay,2021,Head,16693,Brentford,West Ham,2,0,2022-04-10 13:00:00,Rico Henry,Cross,Bryan Mbeumo
467151,20,SavedShot,0.860999984741211,0.705,0.0356127992272377,Bryan Mbeumo,h,6552,OpenPlay,2021,LeftFoot,16693,Brentford,West Ham,2,0,2022-04-10 13:00:00,Ivan Toney,Pass,Bryan Mbeumo
467152,21,MissedShots,0.8430000305175781,0.5590000152587891,0.023840399459004402,Bryan Mbeumo,h,6552,FromCorner,2021,LeftFoot,16693,Brentford,West Ham,2,0,2022-04-10 13:00:00,,Aerial,Bryan Mbeumo
467156,33,MissedShots,0.8569999694824219,0.30700000762939456,0.044791098684072495,Bryan Mbeumo,h,6552,OpenPlay,2021,LeftFoot,16693,Brentford,West Ham,2,0,2022-04-10 13:00:00,Ivan Toney,Pass,Bryan Mbeumo
467157,42,BlockedShot,0.9069999694824219,0.34900001525878904,0.06180490180850029,Bryan Mbeumo,h,6552,OpenPlay,2021,LeftFoot,16693,Brentford,West Ham,2,0,2022-04-10 13:00:00,Christian Eriksen,Chipped,Bryan Mbeumo
467160,47,Goal,0.9230000305175782,0.34200000762939453,0.11985299736261368,Bryan Mbeumo,h,6552,OpenPlay,2021,LeftFoot,16693,Brentford,West Ham,2,0,2022-04-10 13:00:00,Ivan Toney,Throughball,Bryan Mbeumo
467164,68,MissedShots,0.9519999694824218,0.45799999237060546,0.5492969751358032,Bryan Mbeumo,h,6552,OpenPlay,2021,LeftFoot,16693,Brentford,West Ham,2,0,2022-04-10 13:00:00,Vitaly Janelt,Chipped,Bryan Mbeumo
468194,37,BlockedShot,0.6840000152587891,0.34599998474121096,0.013012300245463848,Bryan Mbeumo,a,6552,OpenPlay,2021,LeftFoot,16698,Watford,Brentford,1,2,2022-04-16 14:00:00,Kristoffer Ajer,BallRecovery,Bryan Mbeumo
468199,45,MissedShots,0.8780000305175781,0.4520000076293945,0.08705110102891922,Bryan Mbeumo,a,6552,OpenPlay,2021,LeftFoot,16698,Watford,Brentford,1,2,2022-04-16 14:00:00,Rico Henry,Cross,Bryan Mbeumo
470166,3,BlockedShot,0.8130000305175781,0.47099998474121096,0.05794930085539818,Bryan Mbeumo,h,6552,OpenPlay,2021,LeftFoot,16714,Brentford,Tottenham,0,0,2022-04-23 16:30:00,Mathias Jensen,CornerAwarded,Bryan Mbeumo
470167,5,BlockedShot,0.965999984741211,0.605999984741211,0.026158999651670456,Bryan Mbeumo,h,6552,FromCorner,2021,Head,16714,Brentford,Tottenham,0,0,2022-04-23 16:30:00,Ivan Toney,CornerAwarded,Bryan Mbeumo
470175,50,MissedShots,0.8769999694824219,0.44599998474121094,0.07798290252685547,Bryan Mbeumo,h,6552,OpenPlay,2021,LeftFoot,16714,Brentford,Tottenham,0,0,2022-04-23 16:30:00,Rico Henry,Cross,Bryan Mbeumo
470186,87,MissedShots,0.9319999694824219,0.40700000762939453,0.08247470110654831,Bryan Mbeumo,h,6552,OpenPlay,2021,Head,16714,Brentford,Tottenham,0,0,2022-04-23 16:30:00,Rico Henry,Cross,Bryan Mbeumo
470188,90,MissedShots,0.9680000305175781,0.395,0.37929901480674744,Bryan Mbeumo,h,6552,SetPiece,2021,RightFoot,16714,Brentford,Tottenham,0,0,2022-04-23 16:30:00,,Rebound,Bryan Mbeumo
472568,16,MissedShots,0.914000015258789,0.6020000076293945,0.023137200623750687,Bryan Mbeumo,a,6552,OpenPlay,2021,Head,16722,Manchester United,Brentford,3,0,2022-05-02 19:00:00,Mads Roerslev,Aerial,Bryan Mbeumo
472572,36,MissedShots,0.855999984741211,0.3189999961853027,0.04866420105099678,Bryan Mbeumo,a,6552,OpenPlay,2021,LeftFoot,16722,Manchester United,Brentford,3,0,2022-05-02 19:00:00,Vitaly Janelt,Pass,Bryan Mbeumo
472579,62,SavedShot,0.904000015258789,0.49400001525878906,0.05687810108065605,Bryan Mbeumo,a,6552,OpenPlay,2021,Head,16722,Manchester United,Brentford,3,0,2022-05-02 19:00:00,,Aerial,Bryan Mbeumo
474718,30,MissedShots,0.8969999694824219,0.6409999847412109,0.10237199813127518,Bryan Mbeumo,h,6552,OpenPlay,2021,RightFoot,16734,Brentford,Southampton,3,0,2022-05-07 14:00:00,,Rebound,Bryan Mbeumo
474733,76,BlockedShot,0.9209999847412109,0.4129999923706055,0.12114500254392624,Bryan Mbeumo,h,6552,OpenPlay,2021,LeftFoot,16734,Brentford,Southampton,3,0,2022-05-07 14:00:00,Christian Nørgaard,HeadPass,Bryan Mbeumo
476497,43,SavedShot,0.8180000305175781,0.30700000762939456,0.027604900300502777,Bryan Mbeumo,a,6552,OpenPlay,2021,LeftFoot,16744,Everton,Brentford,2,3,2022-05-15 15:30:00,Mathias Jensen,Chipped,Bryan Mbeumo
476506,74,MissedShots,0.88,0.29600000381469727,0.08142480254173279,Bryan Mbeumo,a,6552,OpenPlay,2021,LeftFoot,16744,Everton,Brentford,2,3,2022-05-15 15:30:00,Josh Dasilva,Pass,Bryan Mbeumo
477736,33,SavedShot,0.894000015258789,0.654000015258789,0.07717529684305191,Bryan Mbeumo,h,6552,OpenPlay,2021,LeftFoot,16747,Brentford,Leeds,1,2,2022-05-22 15:00:00,Yoane Wissa,Pass,Bryan Mbeumo
477740,42,MissedShots,0.9009999847412109,0.29700000762939455,0.1954520046710968,Bryan Mbeumo,h,6552,OpenPlay,2021,RightFoot,16747,Brentford,Leeds,1,2,2022-05-22 15:00:00,Mathias Jensen,Pass,Bryan Mbeumo
477742,46,SavedShot,0.8390000152587891,0.425,0.07679910212755203,Bryan Mbeumo,h,6552,OpenPlay,2021,LeftFoot,16747,Brentford,Leeds,1,2,2022-05-22 15:00:00,Mathias Jensen,Pass,Bryan Mbeumo
479613,8,SavedShot,0.879000015258789,0.3559999847412109,0.06380199640989304,Bryan Mbeumo,a,6552,OpenPlay,2022,RightFoot,18210,Leicester,Brentford,2,2,2022-08-07 13:00:00,Vitaly Janelt,Chipped,Bryan Mbeumo
479624,53,MissedShots,0.8519999694824218,0.36700000762939455,0.07301370054483414,Bryan Mbeumo,a,6552,OpenPlay,2022,LeftFoot,18210,Leicester,Brentford,2,2,2022-08-07 13:00:00,Vitaly Janelt,Pass,Bryan Mbeumo
480497,13,BlockedShot,0.75,0.43,0.02847209945321083,Bryan Mbeumo,h,6552,OpenPlay,2022,LeftFoot,18218,Brentford,Manchester United,4,0,2022-08-13 16:30:00,Christian Nørgaard,Pass,Bryan Mbeumo
480504,34,Goal,0.8640000152587891,0.4879999923706055,0.30697599053382874,Bryan Mbeumo,h,6552,OpenPlay,2022,LeftFoot,18218,Brentford,Manchester United,4,0,2022-08-13 16:30:00,Ivan Toney,Pass,Bryan Mbeumo
481853,31,BlockedShot,0.8319999694824218,0.69,0.023022200912237167,Bryan Mbeumo,a,6552,OpenPlay,2022,RightFoot,18225,Fulham,Brentford,3,2,2022-08-20 14:00:00,,None,Bryan Mbeumo
481854,33,SavedShot,0.86,0.39099998474121095,0.049683600664138794,Bryan Mbeumo,a,6552,OpenPlay,2022,RightFoot,18225,Fulham,Brentford,3,2,2022-08-20 14:00:00,,None,Bryan Mbeumo
481858,59,MissedShots,0.789000015258789,0.4520000076293945,0.034050799906253815,Bryan Mbeumo,a,6552,OpenPlay,2022,RightFoot,18225,Fulham,Brentford,3,2,2022-08-20 14:00:00,Keane Lewis-Potter,None,Bryan Mbeumo
483697,7,MissedShots,0.89,0.39799999237060546,0.1026030033826828,Bryan Mbeumo,h,6552,OpenPlay,2022,LeftFoot,18233,Brentford,Everton,1,1,2022-08-27 14:00:00,Rico Henry,Pass,Bryan Mbeumo
483709,35,SavedShot,0.9009999847412109,0.6309999847412109,0.056022100150585175,Bryan Mbeumo,h,6552,OpenPlay,2022,LeftFoot,18233,Brentford,Everton,1,1,2022-08-27 14:00:00,Mathias Jensen,Cross,Bryan Mbeumo
483710,39,BlockedShot,0.8959999847412109,0.3370000076293945,0.06406769901514053,Bryan Mbeumo,h,6552,OpenPlay,2022,LeftFoot,18233,Brentford,Everton,1,1,2022-08-27 14:00:00,Christian Nørgaard,Pass,Bryan Mbeumo
483717,63,MissedShots,0.7709999847412109,0.3920000076293945,0.02542470023036003,Bryan Mbeumo,h,6552,OpenPlay,2022,LeftFoot,18233,Brentford,Everton,1,1,2022-08-27 14:00:00,Aaron Hickey,Pass,Bryan Mbeumo
485955,79,Goal,0.909000015258789,0.590999984741211,0.4111959934234619,Bryan Mbeumo,h,6552,OpenPlay,2022,LeftFoot,18257,Brentford,Leeds,5,2,2022-09-03 14:00:00,,None,Bryan Mbeumo
489067,4,SavedShot,0.9330000305175781,0.37200000762939456,0.02503889985382557,Bryan Mbeumo,h,6552,OpenPlay,2022,Head,18280,Brentford,Arsenal,0,3,2022-09-18 11:00:00,Rico Henry,Cross,Bryan Mbeumo
489074,45,MissedShots,0.8919999694824219,0.445,0.06464699655771255,Bryan Mbeumo,h,6552,OpenPlay,2022,Head,18280,Brentford,Arsenal,0,3,2022-09-18 11:00:00,Ivan Toney,Cross,Bryan Mbeumo
490189,15,MissedShots,0.7609999847412109,0.35200000762939454,0.017681200057268143,Bryan Mbeumo,a,6552,OpenPlay,2022,LeftFoot,18283,Bournemouth,Brentford,0,0,2022-10-01 14:00:00,Vitaly Janelt,Chipped,Bryan Mbeumo
491578,51,SavedShot,0.8219999694824218,0.43,0.06628339737653732,Bryan Mbeumo,a,6552,OpenPlay,2022,LeftFoot,18299,Newcastle United,Brentford,5,1,2022-10-08 14:00:00,Shandon Baptiste,Pass,Bryan Mbeumo
491582,60,BlockedShot,0.9169999694824219,0.7069999694824218,0.04930949956178665,Bryan Mbeumo,a,6552,SetPiece,2022,LeftFoot,18299,Newcastle United,Brentford,5,1,2022-10-08 14:00:00,Ivan Toney,Chipped,Bryan Mbeumo
492735,23,ShotOnPost,0.855,0.3659999847412109,0.05464940145611763,Bryan Mbeumo,h,6552,OpenPlay,2022,LeftFoot,18303,Brentford,Brighton,2,0,2022-10-14 19:00:00,,None,Bryan Mbeumo
494461,49,SavedShot,0.9380000305175781,0.534000015258789,0.4326089918613434,Bryan Mbeumo,h,6552,OpenPlay,2022,Head,18314,Brentford,Chelsea,0,0,2022-10-19 18:30:00,Mads Roerslev,Cross,Bryan Mbeumo
494466,68,SavedShot,0.5459999847412109,0.7319999694824219,0.0149234002456069,Bryan Mbeumo,h,6552,OpenPlay,2022,LeftFoot,18314,Brentford,Chelsea,0,0,2022-10-19 18:30:00,Mathias Jensen,Pass,Bryan Mbeumo
495465,4,BlockedShot,0.8469999694824218,0.6609999847412109,0.03872400149703026,Bryan Mbeumo,a,6552,OpenPlay,2022,LeftFoot,18322,Aston Villa,Brentford,4,0,2022-10-23 13:00:00,Rico Henry,Pass,Bryan Mbeumo
495479,34,SavedShot,0.955999984741211,0.625999984741211,0.30149298906326294,Bryan Mbeumo,a,6552,OpenPlay,2022,LeftFoot,18322,Aston Villa,Brentford,4,0,2022-10-23 13:00:00,Ivan Toney,Throughball,Bryan Mbeumo
495490,60,MissedShots,0.9569999694824218,0.39099998474121095,0.3077639937400818,Bryan Mbeumo,a,6552,OpenPlay,2022,RightFoot,18322,Aston Villa,Brentford,4,0,2022-10-23 13:00:00,,Rebound,Bryan Mbeumo
496576,46,SavedShot,0.9180000305175782,0.44599998474121094,0.3421649932861328,Bryan Mbeumo,h,6552,OpenPlay,2022,Head,18334,Brentford,Wolverhampton Wanderers,1,1,2022-10-29 14:00:00,,Rebound,Bryan Mbeumo
498082,47,Goal,0.885,0.5,0.7611690163612366,Bryan Mbeumo,a,6552,Penalty,2022,LeftFoot,18347,Nottingham Forest,Brentford,2,2,2022-11-05 15:00:00,,Standard,Bryan Mbeumo
498083,55,MissedShots,0.7759999847412109,0.625,0.012683199718594551,Bryan Mbeumo,a,6552,OpenPlay,2022,LeftFoot,18347,Nottingham Forest,Brentford,2,2,2022-11-05 15:00:00,,Aerial,Bryan Mbeumo
499888,4,BlockedShot,0.855999984741211,0.5070000076293946,0.0829814001917839,Bryan Mbeumo,a,6552,OpenPlay,2022,LeftFoot,18356,Manchester City,Brentford,1,2,2022-11-12 12:30:00,Frank Onyeka,BallTouch,Bryan Mbeumo
499904,44,SavedShot,0.789000015258789,0.5259999847412109,0.050571098923683167,Bryan Mbeumo,a,6552,OpenPlay,2022,LeftFoot,18356,Manchester City,Brentford,1,2,2022-11-12 12:30:00,Ivan Toney,Pass,Bryan Mbeumo
500924,66,MissedShots,0.875999984741211,0.4159999847412109,0.07937119901180267,Bryan Mbeumo,h,6552,OpenPlay,2022,LeftFoot,18364,Brentford,Tottenham,2,2,2022-12-26 12:30:00,Rico Henry,Cross,Bryan Mbeumo
501541,14,SavedShot,0.764000015258789,0.295,0.012521700002253056,Bryan Mbeumo,a,6552,OpenPlay,2022,LeftFoot,18380,West Ham,Brentford,0,2,2022-12-30 19:45:00,,None,Bryan Mbeumo
502064,16,MissedShots,0.9640000152587891,0.40900001525878904,0.04354820027947426,Bryan Mbeumo,h,6552,OpenPlay,2022,Head,18384,Brentford,Liverpool,3,1,2023-01-02 17:30:00,Rico Henry,Aerial,Bryan Mbeumo
502065,17,SavedShot,0.8980000305175782,0.34900001525878904,0.4651919901371002,Bryan Mbeumo,h,6552,OpenPlay,2022,LeftFoot,18384,Brentford,Liverpool,3,1,2023-01-02 17:30:00,Yoane Wissa,Throughball,Bryan Mbeumo
502086,83,Goal,0.875999984741211,0.40099998474121096,0.5122129917144775,Bryan Mbeumo,h,6552,OpenPlay,2022,LeftFoot,18384,Brentford,Liverpool,3,1,2023-01-02 17:30:00,,None,Bryan Mbeumo
503731,65,SavedShot,0.8009999847412109,0.35,0.039289701730012894,Bryan Mbeumo,h,6552,OpenPlay,2022,LeftFoot,18393,Brentford,Bournemouth,2,0,2023-01-14 17:30:00,Josh Dasilva,Pass,Bryan Mbeumo
507065,7,MissedShots,0.895,0.3820000076293945,0.0730729028582573,Bryan Mbeumo,h,6552,OpenPlay,2022,LeftFoot,18413,Brentford,Southampton,3,0,2023-02-04 15:00:00,,Rebound,Bryan Mbeumo
507069,23,MissedShots,0.8540000152587891,0.61,0.025047600269317627,Bryan Mbeumo,h,6552,OpenPlay,2022,LeftFoot,18413,Brentford,Southampton,3,0,2023-02-04 15:00:00,,Aerial,Bryan Mbeumo
507073,43,Goal,0.924000015258789,0.47400001525878904,0.6527619957923889,Bryan Mbeumo,h,6552,OpenPlay,2022,LeftFoot,18413,Brentford,Southampton,3,0,2023-02-04 15:00:00,Yoane Wissa,Pass,Bryan Mbeumo
509709,36,MissedShots,0.765,0.5,0.02554449997842312,Bryan Mbeumo,h,6552,OpenPlay,2022,LeftFoot,18433,Brentford,Crystal Palace,1,1,2023-02-18 15:00:00,,None,Bryan Mbeumo
513079,3,MissedShots,0.9590000152587891,0.44099998474121094,0.49831900000572205,Bryan Mbeumo,h,6552,OpenPlay,2022,RightFoot,18454,Brentford,Fulham,3,2,2023-03-06 20:00:00,Rico Henry,Cross,Bryan Mbeumo
513080,4,SavedShot,0.9330000305175781,0.35700000762939454,0.2920350134372711,Bryan Mbeumo,h,6552,OpenPlay,2022,RightFoot,18454,Brentford,Fulham,3,2,2023-03-06 20:00:00,Mikkel Damsgaard,Chipped,Bryan Mbeumo
513083,16,ShotOnPost,0.7680000305175781,0.43900001525878907,0.0771636962890625,Bryan Mbeumo,h,6552,DirectFreekick,2022,LeftFoot,18454,Brentford,Fulham,3,2,2023-03-06 20:00:00,,Standard,Bryan Mbeumo
513469,23,SavedShot,0.7959999847412109,0.3609999847412109,0.03194870054721832,Bryan Mbeumo,a,6552,OpenPlay,2022,LeftFoot,18464,Everton,Brentford,1,0,2023-03-11 15:00:00,Rico Henry,Pass,Bryan Mbeumo
514519,19,SavedShot,0.9330000305175781,0.6179999923706054,0.2157440036535263,Bryan Mbeumo,a,6552,FromCorner,2022,LeftFoot,18265,Southampton,Brentford,0,2,2023-03-15 19:30:00,Kevin Schade,BallTouch,Bryan Mbeumo
514520,22,BlockedShot,0.889000015258789,0.62,0.12399200350046158,Bryan Mbeumo,a,6552,OpenPlay,2022,LeftFoot,18265,Southampton,Brentford,0,2,2023-03-15 19:30:00,Kevin Schade,Pass,Bryan Mbeumo
514940,4,MissedShots,0.9319999694824219,0.4520000076293945,0.060378298163414,Bryan Mbeumo,h,6552,OpenPlay,2022,Head,18474,Brentford,Leicester,1,1,2023-03-18 15:00:00,Mathias Jensen,Aerial,Bryan Mbeumo
514949,26,MissedShots,0.8419999694824218,0.3390000152587891,0.022714799270033836,Bryan Mbeumo,h,6552,OpenPlay,2022,LeftFoot,18474,Brentford,Leicester,1,1,2023-03-18 15:00:00,Rico Henry,Cross,Bryan Mbeumo
514955,49,BlockedShot,0.8969999694824219,0.6990000152587891,0.06059810146689415,Bryan Mbeumo,h,6552,OpenPlay,2022,LeftFoot,18474,Brentford,Leicester,1,1,2023-03-18 15:00:00,Rico Henry,Chipped,Bryan Mbeumo
516385,32,MissedShots,0.870999984741211,0.47299999237060547,0.08059719949960709,Bryan Mbeumo,a,6552,OpenPlay,2022,LeftFoot,18484,Brighton,Brentford,3,3,2023-04-01 14:00:00,Ben Mee,Cross,Bryan Mbeumo
517994,90,SavedShot,0.765,0.17899999618530274,0.009742150083184242,Bryan Mbeumo,h,6552,OpenPlay,2022,LeftFoot,18493,Brentford,Newcastle United,1,2,2023-04-08 14:00:00,,None,Bryan Mbeumo
519414,40,MissedShots,0.905,0.7090000152587891,0.04167729988694191,Bryan Mbeumo,a,6552,OpenPlay,2022,LeftFoot,18511,Wolverhampton Wanderers,Brentford,2,0,2023-04-15 14:00:00,,None,Bryan Mbeumo
520925,3,SavedShot,0.8690000152587891,0.30700000762939456,0.044422466307878494,Bryan Mbeumo,h,6552,OpenPlay,2022,LeftFoot,18514,Brentford,Aston Villa,1,1,2023-04-22 14:00:00,Ivan Toney,TakeOn,Bryan Mbeumo
520937,56,BlockedShot,0.8569999694824219,0.40900001525878904,0.08905038237571716,Bryan Mbeumo,h,6552,OpenPlay,2022,LeftFoot,18514,Brentford,Aston Villa,1,1,2023-04-22 14:00:00,Kevin Schade,Pass,Bryan Mbeumo
520940,61,MissedShots,0.905,0.5,0.32730361819267273,Bryan Mbeumo,h,6552,OpenPlay,2022,LeftFoot,18514,Brentford,Aston Villa,1,1,2023-04-22 14:00:00,Ivan Toney,Chipped,Bryan Mbeumo
522160,66,MissedShots,0.8630000305175781,0.2539999961853027,0.04110947996377945,Bryan Mbeumo,a,6552,OpenPlay,2022,LeftFoot,18529,Chelsea,Brentford,0,2,2023-04-26 18:45:00,Vitaly Janelt,None,Bryan Mbeumo
522162,77,Goal,0.8930000305175781,0.3139999961853027,0.204509437084198,Bryan Mbeumo,a,6552,OpenPlay,2022,LeftFoot,18529,Chelsea,Brentford,0,2,2023-04-26 18:45:00,Shandon Baptiste,TakeOn,Bryan Mbeumo
522761,9,SavedShot,0.755,0.2720000076293945,0.0113607132807374,Bryan Mbeumo,h,6552,OpenPlay,2022,LeftFoot,18534,Brentford,Nottingham Forest,2,1,2023-04-29 14:00:00,,None,Bryan Mbeumo
522770,49,BlockedShot,0.9690000152587891,0.5570000076293945,0.13064320385456085,Bryan Mbeumo,h,6552,FromCorner,2022,Head,18534,Brentford,Nottingham Forest,2,1,2023-04-29 14:00:00,Mathias Jensen,Cross,Bryan Mbeumo
524775,19,SavedShot,0.8780000305175781,0.7480000305175781,0.02980644814670086,Bryan Mbeumo,a,6552,OpenPlay,2022,LeftFoot,18545,Liverpool,Brentford,1,0,2023-05-06 16:30:00,Ivan Toney,Pass,Bryan Mbeumo
526410,19,Goal,0.8680000305175781,0.415,0.332258015871048,Bryan Mbeumo,h,6552,OpenPlay,2022,LeftFoot,18554,Brentford,West Ham,2,0,2023-05-14 13:00:00,Mathias Jensen,Pass,Bryan Mbeumo
526425,54,BlockedShot,0.9630000305175781,0.41200000762939454,0.10372123122215271,Bryan Mbeumo,h,6552,OpenPlay,2022,Head,18554,Brentford,West Ham,2,0,2023-05-14 13:00:00,Kevin Schade,Cross,Bryan Mbeumo
526426,56,BlockedShot,0.8730000305175781,0.3320000076293945,0.06751883029937744,Bryan Mbeumo,h,6552,OpenPlay,2022,LeftFoot,18554,Brentford,West Ham,2,0,2023-05-14 13:00:00,,BallRecovery,Bryan Mbeumo
526431,71,MissedShots,0.905,0.43900001525878907,0.07892107963562012,Bryan Mbeumo,h,6552,OpenPlay,2022,Head,18554,Brentford,West Ham,2,0,2023-05-14 13:00:00,Vitaly Janelt,Cross,Bryan Mbeumo
526434,85,SavedShot,0.8019999694824219,0.6379999923706055,0.033404454588890076,Bryan Mbeumo,h,6552,OpenPlay,2022,RightFoot,18554,Brentford,West Ham,2,0,2023-05-14 13:00:00,Saman Ghoddos,TakeOn,Bryan Mbeumo
526436,93,SavedShot,0.9169999694824219,0.47299999237060547,0.4067241847515106,Bryan Mbeumo,h,6552,OpenPlay,2022,Head,18554,Brentford,West Ham,2,0,2023-05-14 13:00:00,Mads Roerslev,Cross,Bryan Mbeumo
527172,3,MissedShots,0.8530000305175781,0.36700000762939455,0.05437915772199631,Bryan Mbeumo,a,6552,OpenPlay,2022,LeftFoot,18569,Tottenham,Brentford,1,3,2023-05-20 11:30:00,Yoane Wissa,None,Bryan Mbeumo
527178,28,MissedShots,0.8880000305175781,0.4620000076293945,0.03636685013771057,Bryan Mbeumo,a,6552,OpenPlay,2022,Head,18569,Tottenham,Brentford,1,3,2023-05-20 11:30:00,,None,Bryan Mbeumo
527185,49,Goal,0.8530000305175781,0.3659999847412109,0.05989361181855202,Bryan Mbeumo,a,6552,OpenPlay,2022,LeftFoot,18569,Tottenham,Brentford,1,3,2023-05-20 11:30:00,Yoane Wissa,Pass,Bryan Mbeumo
527187,55,SavedShot,0.835,0.3509999847412109,0.017256086692214012,Bryan Mbeumo,a,6552,OpenPlay,2022,LeftFoot,18569,Tottenham,Brentford,1,3,2023-05-20 11:30:00,,Aerial,Bryan Mbeumo
527189,58,MissedShots,0.9319999694824219,0.455,0.0707317516207695,Bryan Mbeumo,a,6552,OpenPlay,2022,Head,18569,Tottenham,Brentford,1,3,2023-05-20 11:30:00,,None,Bryan Mbeumo
527191,61,Goal,0.9309999847412109,0.32599998474121095,0.3043600916862488,Bryan Mbeumo,a,6552,OpenPlay,2022,LeftFoot,18569,Tottenham,Brentford,1,3,2023-05-20 11:30:00,Aaron Hickey,Throughball,Bryan Mbeumo
529721,67,SavedShot,0.915,0.52,0.35254862904548645,Bryan Mbeumo,h,6552,OpenPlay,2022,LeftFoot,18574,Brentford,Manchester City,1,0,2023-05-28 15:30:00,Mikkel Damsgaard,Chipped,Bryan Mbeumo
532410,15,SavedShot,0.9380000305175781,0.715999984741211,0.04792721942067146,Bryan Mbeumo,h,6552,OpenPlay,2023,LeftFoot,22282,Brentford,Tottenham,2,2,2023-08-13 13:00:00,Yoane Wissa,Pass,Bryan Mbeumo
532413,26,Goal,0.885,0.5,0.7611688375473022,Bryan Mbeumo,h,6552,Penalty,2023,LeftFoot,22282,Brentford,Tottenham,2,2,2023-08-13 13:00:00,,Standard,Bryan Mbeumo
532421,54,MissedShots,0.9259999847412109,0.4520000076293945,0.4895833432674408,Bryan Mbeumo,h,6552,OpenPlay,2023,RightFoot,22282,Brentford,Tottenham,2,2,2023-08-13 13:00:00,Rico Henry,Pass,Bryan Mbeumo
533173,14,SavedShot,0.9169999694824219,0.41200000762939454,0.09798983484506607,Bryan Mbeumo,a,6552,OpenPlay,2023,LeftFoot,22287,Fulham,Brentford,0,3,2023-08-19 14:00:00,Mathias Jensen,Chipped,Bryan Mbeumo
533188,65,Goal,0.885,0.5,0.7611688375473022,Bryan Mbeumo,a,6552,Penalty,2023,LeftFoot,22287,Fulham,Brentford,0,3,2023-08-19 14:00:00,,Standard,Bryan Mbeumo
533193,91,Goal,0.9640000152587891,0.5129999923706055,0.8103819489479065,Bryan Mbeumo,a,6552,OpenPlay,2023,LeftFoot,22287,Fulham,Brentford,0,3,2023-08-19 14:00:00,Kristoffer Ajer,Pass,Bryan Mbeumo
534680,43,BlockedShot,0.8469999694824218,0.39799999237060546,0.08360356092453003,Bryan Mbeumo,h,6552,OpenPlay,2023,LeftFoot,22298,Brentford,Crystal Palace,1,1,2023-08-26 14:00:00,Mathias Jensen,Pass,Bryan Mbeumo
536232,46,MissedShots,0.9109999847412109,0.4490000152587891,0.44571805000305176,Bryan Mbeumo,h,6552,OpenPlay,2023,LeftFoot,21928,Brentford,Bournemouth,2,2,2023-09-02 14:00:00,,None,Bryan Mbeumo
536249,92,Goal,0.8619999694824219,0.45299999237060545,0.3011491596698761,Bryan Mbeumo,h,6552,OpenPlay,2023,LeftFoot,21928,Brentford,Bournemouth,2,2,2023-09-02 14:00:00,Nathan Collins,Throughball,Bryan Mbeumo
537846,47,MissedShots,0.94,0.5690000152587891,0.0952572226524353,Bryan Mbeumo,a,6552,FromCorner,2023,Head,21943,Newcastle United,Brentford,1,0,2023-09-16 16:30:00,Mathias Jensen,Cross,Bryan Mbeumo
539262,1,MissedShots,0.7319999694824219,0.5940000152587891,0.04843771457672119,Bryan Mbeumo,h,6552,DirectFreekick,2023,LeftFoot,21949,Brentford,Everton,1,3,2023-09-23 16:30:00,,Standard,Bryan Mbeumo
539274,40,MissedShots,0.9290000152587891,0.3110000038146973,0.0592162199318409,Bryan Mbeumo,h,6552,OpenPlay,2023,RightFoot,21949,Brentford,Everton,1,3,2023-09-23 16:30:00,Yoane Wissa,Pass,Bryan Mbeumo
539288,79,SavedShot,0.925,0.3320000076293945,0.029031649231910706,Bryan Mbeumo,h,6552,OpenPlay,2023,LeftFoot,21949,Brentford,Everton,1,3,2023-09-23 16:30:00,Saman Ghoddos,Cross,Bryan Mbeumo
541728,88,BlockedShot,0.86,0.5309999847412109,0.12766286730766296,Bryan Mbeumo,a,6552,OpenPlay,2023,LeftFoot,21963,Nottingham Forest,Brentford,1,1,2023-10-01 13:00:00,Yoane Wissa,Pass,Bryan Mbeumo
541729,93,MissedShots,0.905,0.47200000762939454,0.10407835245132446,Bryan Mbeumo,a,6552,OpenPlay,2023,Head,21963,Nottingham Forest,Brentford,1,1,2023-10-01 13:00:00,Mads Roerslev,Cross,Bryan Mbeumo
542703,6,MissedShots,0.9130000305175782,0.40400001525878904,0.08025781810283661,Bryan Mbeumo,a,6552,OpenPlay,2023,RightFoot,21972,Manchester United,Brentford,2,1,2023-10-07 14:00:00,Mads Roerslev,Cross,Bryan Mbeumo
542711,37,MissedShots,0.765,0.30100000381469727,0.020024143159389496,Bryan Mbeumo,a,6552,OpenPlay,2023,LeftFoot,21972,Manchester United,Brentford,2,1,2023-10-07 14:00:00,Mathias Jensen,Pass,Bryan Mbeumo
544045,14,BlockedShot,0.855999984741211,0.6409999847412109,0.05425834655761719,Bryan Mbeumo,h,6552,OpenPlay,2023,RightFoot,21977,Brentford,Burnley,3,0,2023-10-21 14:00:00,,None,Bryan Mbeumo
544046,14,BlockedShot,0.865,0.6530000305175782,0.044712796807289124,Bryan Mbeumo,h,6552,OpenPlay,2023,LeftFoot,21977,Brentford,Burnley,3,0,2023-10-21 14:00:00,,Rebound,Bryan Mbeumo
544050,22,SavedShot,0.889000015258789,0.5690000152587891,0.028783166781067848,Bryan Mbeumo,h,6552,FromCorner,2023,Head,21977,Brentford,Burnley,3,0,2023-10-21 14:00:00,Christian Nørgaard,Chipped,Bryan Mbeumo
544054,29,SavedShot,0.7780000305175782,0.42200000762939455,0.06210346147418022,Bryan Mbeumo,h,6552,OpenPlay,2023,LeftFoot,21977,Brentford,Burnley,3,0,2023-10-21 14:00:00,Yoane Wissa,Pass,Bryan Mbeumo
544063,61,Goal,0.8180000305175781,0.4370000076293945,0.055756594985723495,Bryan Mbeumo,h,6552,OpenPlay,2023,LeftFoot,21977,Brentford,Burnley,3,0,2023-10-21 14:00:00,Neal Maupay,Pass,Bryan Mbeumo
544068,78,SavedShot,0.78,0.6669999694824219,0.06443863362073898,Bryan Mbeumo,h,6552,DirectFreekick,2023,LeftFoot,21977,Brentford,Burnley,3,0,2023-10-21 14:00:00,,Standard,Bryan Mbeumo
545210,3,BlockedShot,0.865,0.4640000152587891,0.0432283952832222,Bryan Mbeumo,a,6552,OpenPlay,2023,RightFoot,21989,Chelsea,Brentford,0,2,2023-10-28 11:30:00,,Aerial,Bryan Mbeumo
545212,8,SavedShot,0.9780000305175781,0.24799999237060547,0.11075936257839203,Bryan Mbeumo,a,6552,OpenPlay,2023,RightFoot,21989,Chelsea,Brentford,0,2,2023-10-28 11:30:00,Kristoffer Ajer,Throughball,Bryan Mbeumo
545231,89,MissedShots,0.9119999694824219,0.49900001525878906,0.364875853061676,Bryan Mbeumo,a,6552,OpenPlay,2023,LeftFoot,21989,Chelsea,Brentford,0,2,2023-10-28 11:30:00,Neal Maupay,Cross,Bryan Mbeumo
545233,95,Goal,0.8540000152587891,0.555,0.41306257247924805,Bryan Mbeumo,a,6552,OpenPlay,2023,LeftFoot,21989,Chelsea,Brentford,0,2,2023-10-28 11:30:00,Neal Maupay,Pass,Bryan Mbeumo
546855,5,SavedShot,0.85,0.17,0.046524252742528915,Bryan Mbeumo,h,6552,DirectFreekick,2023,LeftFoot,21995,Brentford,West Ham,3,2,2023-11-04 15:00:00,,Standard,Bryan Mbeumo
546868,47,MissedShots,0.75,0.34599998474121096,0.018055759370326996,Bryan Mbeumo,h,6552,OpenPlay,2023,LeftFoot,21995,Brentford,West Ham,3,2,2023-11-04 15:00:00,Frank Onyeka,Pass,Bryan Mbeumo
546867,47,MissedShots,0.7980000305175782,0.23299999237060548,0.018530938774347305,Bryan Mbeumo,h,6552,SetPiece,2023,LeftFoot,21995,Brentford,West Ham,3,2,2023-11-04 15:00:00,Vitaly Janelt,Pass,Bryan Mbeumo
546870,51,MissedShots,0.895,0.4759999847412109,0.09151118993759155,Bryan Mbeumo,h,6552,OpenPlay,2023,LeftFoot,21995,Brentford,West Ham,3,2,2023-11-04 15:00:00,Vitaly Janelt,Cross,Bryan Mbeumo
548828,17,MissedShots,0.909000015258789,0.33599998474121096,0.06006154045462608,Bryan Mbeumo,a,6552,OpenPlay,2023,LeftFoot,22011,Liverpool,Brentford,3,0,2023-11-12 14:00:00,,None,Bryan Mbeumo
548832,31,SavedShot,0.84,0.61,0.24452939629554749,Bryan Mbeumo,a,6552,OpenPlay,2023,LeftFoot,22011,Liverpool,Brentford,3,0,2023-11-12 14:00:00,Mathias Jensen,Pass,Bryan Mbeumo
548851,82,MissedShots,0.8080000305175781,0.6969999694824218,0.017276689410209656,Bryan Mbeumo,a,6552,OpenPlay,2023,RightFoot,22011,Liverpool,Brentford,3,0,2023-11-12 14:00:00,,None,Bryan Mbeumo
549927,12,BlockedShot,0.905,0.4370000076293945,0.4163571000099182,Bryan Mbeumo,h,6552,OpenPlay,2023,LeftFoot,22015,Brentford,Arsenal,0,1,2023-11-25 17:30:00,Yoane Wissa,Pass,Bryan Mbeumo
549938,51,MissedShots,0.875999984741211,0.345,0.07068654149770737,Bryan Mbeumo,h,6552,OpenPlay,2023,LeftFoot,22015,Brentford,Arsenal,0,1,2023-11-25 17:30:00,Yoane Wissa,Pass,Bryan Mbeumo
551051,28,MissedShots,0.7680000305175781,0.38,0.02403523586690426,Bryan Mbeumo,h,6552,SetPiece,2023,LeftFoot,22027,Brentford,Luton,3,1,2023-12-02 15:00:00,Ben Mee,Chipped,Bryan Mbeumo
551052,36,BlockedShot,0.7480000305175781,0.435,0.020376723259687424,Bryan Mbeumo,h,6552,OpenPlay,2023,LeftFoot,22027,Brentford,Luton,3,1,2023-12-02 15:00:00,Yehor Yarmolyuk,BallRecovery,Bryan Mbeumo
551054,38,BlockedShot,0.894000015258789,0.42400001525878905,0.08829180151224136,Bryan Mbeumo,h,6552,OpenPlay,2023,LeftFoot,22027,Brentford,Luton,3,1,2023-12-02 15:00:00,,None,Bryan Mbeumo
551057,46,MissedShots,0.8859999847412109,0.46,0.09257303178310394,Bryan Mbeumo,h,6552,OpenPlay,2023,LeftFoot,22027,Brentford,Luton,3,1,2023-12-02 15:00:00,Vitaly Janelt,Cross,Bryan Mbeumo
552257,26,Goal,0.885,0.5,0.7611688375473022,Bryan Mbeumo,a,6552,Penalty,2023,LeftFoot,22036,Brighton,Brentford,2,1,2023-12-06 19:30:00,,Standard,Bryan Mbeumo
571123,77,ShotOnPost,0.87,0.524000015258789,0.07819212228059769,Bryan Mbeumo,h,6552,SetPiece,2023,LeftFoot,22187,Brentford,Manchester United,1,1,2024-03-30 20:00:00,Mark Flekken,Chipped,Bryan Mbeumo
571902,73,BlockedShot,0.895,0.6880000305175781,0.05323246493935585,Bryan Mbeumo,h,6552,OpenPlay,2023,LeftFoot,22200,Brentford,Brighton,0,0,2024-04-03 18:30:00,Ivan Toney,Chipped,Bryan Mbeumo
572376,5,MissedShots,0.8009999847412109,0.28600000381469726,0.06333797425031662,Bryan Mbeumo,a,6552,DirectFreekick,2023,LeftFoot,22205,Aston Villa,Brentford,3,3,2024-04-06 14:00:00,,Standard,Bryan Mbeumo
572386,60,Goal,0.9169999694824219,0.5079999923706054,0.11202002316713333,Bryan Mbeumo,a,6552,OpenPlay,2023,RightFoot,22205,Aston Villa,Brentford,3,3,2024-04-06 14:00:00,Sergio Reguilón,Cross,Bryan Mbeumo
574993,43,ShotOnPost,0.845999984741211,0.3659999847412109,0.07935561239719391,Bryan Mbeumo,a,6552,OpenPlay,2023,LeftFoot,22230,Luton,Brentford,1,5,2024-04-20 14:00:00,Yoane Wissa,Pass,Bryan Mbeumo
575002,78,SavedShot,0.8519999694824218,0.34799999237060547,0.11453089118003845,Bryan Mbeumo,a,6552,OpenPlay,2023,LeftFoot,22230,Luton,Brentford,1,5,2024-04-20 14:00:00,,Dispossessed,Bryan Mbeumo
575008,93,MissedShots,0.76,0.524000015258789,0.02366325445473194,Bryan Mbeumo,a,6552,OpenPlay,2023,LeftFoot,22230,Luton,Brentford,1,5,2024-04-20 14:00:00,,None,Bryan Mbeumo
576950,78,BlockedShot,0.92,0.35700000762939454,0.06182099133729935,Bryan Mbeumo,a,6552,FromCorner,2023,LeftFoot,22237,Everton,Brentford,1,0,2024-04-27 16:30:00,,None,Bryan Mbeumo
578403,12,BlockedShot,0.9169999694824219,0.33599998474121096,0.10256247222423553,Bryan Mbeumo,h,6552,OpenPlay,2023,RightFoot,22246,Brentford,Fulham,0,0,2024-05-04 14:00:00,Ivan Toney,Pass,Bryan Mbeumo
579966,32,BlockedShot,0.914000015258789,0.514000015258789,0.4939005970954895,Bryan Mbeumo,a,6552,OpenPlay,2023,RightFoot,22255,Bournemouth,Brentford,1,2,2024-05-11 14:00:00,,None,Bryan Mbeumo
579978,79,MissedShots,0.8130000305175781,0.30100000381469727,0.027510756626725197,Bryan Mbeumo,a,6552,OpenPlay,2023,LeftFoot,22255,Bournemouth,Brentford,1,2,2024-05-11 14:00:00,Yoane Wissa,Pass,Bryan Mbeumo
579979,85,Goal,0.8540000152587891,0.5359999847412109,0.3736286461353302,Bryan Mbeumo,a,6552,OpenPlay,2023,LeftFoot,22255,Bournemouth,Brentford,1,2,2024-05-11 14:00:00,Yoane Wissa,Chipped,Bryan Mbeumo
585157,28,Goal,0.9,0.34400001525878904,0.07405825704336166,Bryan Mbeumo,h,6552,OpenPlay,2024,LeftFoot,26609,Brentford,Crystal Palace,2,1,2024-08-18 13:00:00,Yoane Wissa,Pass,Bryan Mbeumo
586859,50,BlockedShot,0.85,0.28,0.0345180444419384,Bryan Mbeumo,a,6552,OpenPlay,2024,LeftFoot,26621,Liverpool,Brentford,2,0,2024-08-25 15:30:00,Keane Lewis-Potter,Pass,Bryan Mbeumo
589154,39,MissedShots,0.7819999694824219,0.33299999237060546,0.025269316509366035,Bryan Mbeumo,h,6552,OpenPlay,2024,LeftFoot,26623,Brentford,Southampton,3,1,2024-08-31 14:00:00,Christian Nørgaard,Pass,Bryan Mbeumo
589156,42,Goal,0.9009999847412109,0.4229999923706055,0.3575889468193054,Bryan Mbeumo,h,6552,OpenPlay,2024,LeftFoot,26623,Brentford,Southampton,3,1,2024-08-31 14:00:00,,Rebound,Bryan Mbeumo
589165,63,SavedShot,0.775,0.40599998474121096,0.03625541180372238,Bryan Mbeumo,h,6552,OpenPlay,2024,LeftFoot,26623,Brentford,Southampton,3,1,2024-08-31 14:00:00,Vitaly Janelt,Pass,Bryan Mbeumo
589166,64,Goal,0.8830000305175781,0.44799999237060545,0.39201679825782776,Bryan Mbeumo,h,6552,OpenPlay,2024,LeftFoot,26623,Brentford,Southampton,3,1,2024-08-31 14:00:00,Mathias Jensen,Pass,Bryan Mbeumo
590769,3,BlockedShot,0.895,0.45,0.1212284117937088,Bryan Mbeumo,a,6552,OpenPlay,2024,RightFoot,26637,Manchester City,Brentford,2,1,2024-09-14 14:00:00,Mikkel Damsgaard,Chipped,Bryan Mbeumo
592490,0,Goal,0.9,0.49400001525878906,0.10689929127693176,Bryan Mbeumo,a,6552,OpenPlay,2024,LeftFoot,26648,Tottenham,Brentford,3,1,2024-09-21 14:00:00,Keane Lewis-Potter,Cross,Bryan Mbeumo
592507,40,SavedShot,0.9340000152587891,0.40400001525878904,0.43726417422294617,Bryan Mbeumo,a,6552,OpenPlay,2024,LeftFoot,26648,Tottenham,Brentford,3,1,2024-09-21 14:00:00,Fabio Carvalho,Pass,Bryan Mbeumo
592515,61,SavedShot,0.8959999847412109,0.639000015258789,0.2274121791124344,Bryan Mbeumo,a,6552,OpenPlay,2024,LeftFoot,26648,Tottenham,Brentford,3,1,2024-09-21 14:00:00,Kristoffer Ajer,Pass,Bryan Mbeumo
594141,0,Goal,0.8669999694824219,0.4859999847412109,0.07995214313268661,Bryan Mbeumo,h,6552,OpenPlay,2024,LeftFoot,26656,Brentford,West Ham,1,1,2024-09-28 14:00:00,Fabio Carvalho,HeadPass,Bryan Mbeumo
594151,33,MissedShots,0.889000015258789,0.55,0.0785854160785675,Bryan Mbeumo,h,6552,OpenPlay,2024,Head,26656,Brentford,West Ham,1,1,2024-09-28 14:00:00,Mikkel Damsgaard,Cross,Bryan Mbeumo
594152,37,BlockedShot,0.764000015258789,0.33099998474121095,0.054758671671152115,Bryan Mbeumo,h,6552,DirectFreekick,2024,LeftFoot,26656,Brentford,West Ham,1,1,2024-09-28 14:00:00,,Standard,Bryan Mbeumo
594165,83,BlockedShot,0.8580000305175781,0.4329999923706055,0.015751954168081284,Bryan Mbeumo,h,6552,OpenPlay,2024,Head,26656,Brentford,West Ham,1,1,2024-09-28 14:00:00,Yehor Yarmolyuk,Cross,Bryan Mbeumo
595559,19,Goal,0.885,0.5,0.7611688375473022,Bryan Mbeumo,h,6552,Penalty,2024,LeftFoot,26667,Brentford,Wolverhampton Wanderers,5,3,2024-10-05 14:00:00,,Standard,Bryan Mbeumo
595583,85,MissedShots,0.8,0.3110000038146973,0.07088541239500046,Bryan Mbeumo,h,6552,DirectFreekick,2024,LeftFoot,26667,Brentford,Wolverhampton Wanderers,5,3,2024-10-05 14:00:00,,Standard,Bryan Mbeumo
597013,6,MissedShots,0.8469999694824218,0.30100000381469727,0.03348812088370323,Bryan Mbeumo,a,6552,OpenPlay,2024,LeftFoot,26675,Manchester United,Brentford,2,1,2024-10-19 14:00:00,Nathan Collins,Chipped,Bryan Mbeumo
598456,6,BlockedShot,0.8680000305175781,0.46,0.10983999073505402,Bryan Mbeumo,h,6552,OpenPlay,2024,LeftFoot,26685,Brentford,Ipswich,4,3,2024-10-26 14:00:00,Mikkel Damsgaard,Pass,Bryan Mbeumo
598469,50,Goal,0.885,0.5,0.7611688375473022,Bryan Mbeumo,h,6552,Penalty,2024,LeftFoot,26685,Brentford,Ipswich,4,3,2024-10-26 14:00:00,,Standard,Bryan Mbeumo
598481,84,SavedShot,0.73,0.34799999237060547,0.018569668754935265,Bryan Mbeumo,h,6552,OpenPlay,2024,LeftFoot,26685,Brentford,Ipswich,4,3,2024-10-26 14:00:00,Mathias Jensen,Pass,Bryan Mbeumo
598485,95,Goal,0.755,0.23299999237060548,0.01621144451200962,Bryan Mbeumo,h,6552,OpenPlay,2024,LeftFoot,26685,Brentford,Ipswich,4,3,2024-10-26 14:00:00,Mads Roerslev,Pass,Bryan Mbeumo
601420,66,MissedShots,0.8719999694824219,0.40599998474121096,0.06392202526330948,Bryan Mbeumo,h,6552,OpenPlay,2024,LeftFoot,26702,Brentford,Bournemouth,3,2,2024-11-09 15:00:00,Vitaly Janelt,Cross,Bryan Mbeumo
605873,7,Goal,0.8590000152587891,0.43599998474121093,0.0943097397685051,Bryan Mbeumo,h,6552,OpenPlay,2024,LeftFoot,26743,Brentford,Newcastle United,4,2,2024-12-07 15:00:00,Christian Nørgaard,TakeOn,Bryan Mbeumo
605890,65,MissedShots,0.8019999694824219,0.31799999237060544,0.036076147109270096,Bryan Mbeumo,h,6552,OpenPlay,2024,LeftFoot,26743,Brentford,Newcastle United,4,2,2024-12-07 15:00:00,Yoane Wissa,LayOff,Bryan Mbeumo
605897,92,BlockedShot,0.8419999694824218,0.8580000305175781,0.230991929769516,Bryan Mbeumo,h,6552,OpenPlay,2024,LeftFoot,26743,Brentford,Newcastle United,4,2,2024-12-07 15:00:00,,BallRecovery,Bryan Mbeumo
607767,84,SavedShot,0.9519999694824218,0.425,0.39931848645210266,Bryan Mbeumo,a,6552,OpenPlay,2024,RightFoot,26757,Chelsea,Brentford,2,1,2024-12-15 19:00:00,Vitaly Janelt,Throughball,Bryan Mbeumo
607771,89,Goal,0.7969999694824219,0.37099998474121093,0.18549636006355286,Bryan Mbeumo,a,6552,OpenPlay,2024,LeftFoot,26757,Chelsea,Brentford,2,1,2024-12-15 19:00:00,Kevin Schade,TakeOn,Bryan Mbeumo
608354,4,SavedShot,0.8580000305175781,0.36,0.041791100054979324,Bryan Mbeumo,h,6552,FromCorner,2024,RightFoot,26766,Brentford,Nottingham Forest,0,2,2024-12-21 15:00:00,,None,Bryan Mbeumo
609250,49,MissedShots,0.85,0.2720000076293945,0.030085433274507523,Bryan Mbeumo,a,6552,OpenPlay,2024,LeftFoot,26774,Brighton,Brentford,0,0,2024-12-27 19:30:00,Mads Roerslev,Pass,Bryan Mbeumo
609786,12,Goal,0.865999984741211,0.36,0.09078158438205719,Bryan Mbeumo,h,6552,OpenPlay,2024,LeftFoot,26783,Brentford,Arsenal,1,3,2025-01-01 17:30:00,Mikkel Damsgaard,Pass,Bryan Mbeumo
609789,27,BlockedShot,0.965,0.27100000381469724,0.04294013977050781,Bryan Mbeumo,h,6552,OpenPlay,2024,RightFoot,26783,Brentford,Arsenal,1,3,2025-01-01 17:30:00,,Rebound,Bryan Mbeumo
609945,61,Goal,0.9309999847412109,0.634000015258789,0.343330979347229,Bryan Mbeumo,a,6552,OpenPlay,2024,LeftFoot,26799,Southampton,Brentford,0,5,2025-01-04 15:00:00,Yoane Wissa,Pass,Bryan Mbeumo
609946,65,SavedShot,0.860999984741211,0.39099998474121095,0.10022968798875809,Bryan Mbeumo,a,6552,OpenPlay,2024,LeftFoot,26799,Southampton,Brentford,0,5,2025-01-04 15:00:00,Christian Nørgaard,LayOff,Bryan Mbeumo
609947,68,Goal,0.885,0.5,0.7611688375473022,Bryan Mbeumo,a,6552,Penalty,2024,LeftFoot,26799,Southampton,Brentford,0,5,2025-01-04 15:00:00,,Standard,Bryan Mbeumo
609953,86,MissedShots,0.9530000305175781,0.5629999923706055,0.148540198802948,Bryan Mbeumo,a,6552,OpenPlay,2024,LeftFoot,26799,Southampton,Brentford,0,5,2025-01-04 15:00:00,Keane Lewis-Potter,Pass,Bryan Mbeumo
611362,14,SavedShot,0.865999984741211,0.34599998474121096,0.06143952161073685,Bryan Mbeumo,h,6552,OpenPlay,2024,LeftFoot,26803,Brentford,Manchester City,2,2,2025-01-14 19:30:00,Mikkel Damsgaard,Pass,Bryan Mbeumo
611375,50,MissedShots,0.914000015258789,0.325,0.073762908577919,Bryan Mbeumo,h,6552,OpenPlay,2024,RightFoot,26803,Brentford,Manchester City,2,2,2025-01-14 19:30:00,Mathias Jensen,Pass,Bryan Mbeumo
611398,94,MissedShots,0.894000015258789,0.3659999847412109,0.31392452120780945,Bryan Mbeumo,h,6552,OpenPlay,2024,LeftFoot,26803,Brentford,Manchester City,2,2,2025-01-14 19:30:00,Kevin Schade,Pass,Bryan Mbeumo
612232,10,SavedShot,0.835999984741211,0.32,0.025375308468937874,Bryan Mbeumo,h,6552,OpenPlay,2024,LeftFoot,26813,Brentford,Liverpool,0,2,2025-01-18 15:00:00,Keane Lewis-Potter,Chipped,Bryan Mbeumo
612237,19,SavedShot,0.8730000305175781,0.315,0.042600538581609726,Bryan Mbeumo,h,6552,OpenPlay,2024,LeftFoot,26813,Brentford,Liverpool,0,2,2025-01-18 15:00:00,Vitaly Janelt,Chipped,Bryan Mbeumo
612264,72,SavedShot,0.8919999694824219,0.375,0.09572599828243256,Bryan Mbeumo,h,6552,OpenPlay,2024,LeftFoot,26813,Brentford,Liverpool,0,2,2025-01-18 15:00:00,Mikkel Damsgaard,Pass,Bryan Mbeumo
612268,77,SavedShot,0.9080000305175782,0.4520000076293945,0.06860252469778061,Bryan Mbeumo,h,6552,OpenPlay,2024,Head,26813,Brentford,Liverpool,0,2,2025-01-18 15:00:00,Yoane Wissa,Aerial,Bryan Mbeumo
613752,24,MissedShots,0.7780000305175782,0.28700000762939454,0.05238518863916397,Bryan Mbeumo,a,6552,DirectFreekick,2024,LeftFoot,26825,Crystal Palace,Brentford,1,2,2025-01-26 14:00:00,,Standard,Bryan Mbeumo
613758,43,BlockedShot,0.9109999847412109,0.30700000762939456,0.05911821126937866,Bryan Mbeumo,a,6552,OpenPlay,2024,RightFoot,26825,Crystal Palace,Brentford,1,2,2025-01-26 14:00:00,Mikkel Damsgaard,Pass,Bryan Mbeumo
613766,65,Goal,0.885,0.5,0.7611688375473022,Bryan Mbeumo,a,6552,Penalty,2024,LeftFoot,26825,Crystal Palace,Brentford,1,2,2025-01-26 14:00:00,,Standard,Bryan Mbeumo
613775,89,ShotOnPost,0.9769999694824218,0.4570000076293945,0.6515918374061584,Bryan Mbeumo,a,6552,OpenPlay,2024,Head,26825,Crystal Palace,Brentford,1,2,2025-01-26 14:00:00,Yoane Wissa,HeadPass,Bryan Mbeumo
615382,26,SavedShot,0.865,0.28299999237060547,0.0920931026339531,Bryan Mbeumo,h,6552,OpenPlay,2024,LeftFoot,26834,Brentford,Tottenham,0,2,2025-02-02 14:00:00,Mikkel Damsgaard,Chipped,Bryan Mbeumo
615392,46,BlockedShot,0.8159999847412109,0.47900001525878905,0.03890955075621605,Bryan Mbeumo,h,6552,FromCorner,2024,RightFoot,26834,Brentford,Tottenham,0,2,2025-02-02 14:00:00,,None,Bryan Mbeumo
615400,74,MissedShots,0.8530000305175781,0.3659999847412109,0.048709526658058167,Bryan Mbeumo,h,6552,OpenPlay,2024,LeftFoot,26834,Brentford,Tottenham,0,2,2025-02-02 14:00:00,,None,Bryan Mbeumo
615405,90,MissedShots,0.85,0.16200000762939454,0.04454810172319412,Bryan Mbeumo,h,6552,DirectFreekick,2024,LeftFoot,26834,Brentford,Tottenham,0,2,2025-02-02 14:00:00,,Standard,Bryan Mbeumo
617242,20,SavedShot,0.894000015258789,0.3089999961853027,0.06834038347005844,Bryan Mbeumo,a,6552,OpenPlay,2024,LeftFoot,26851,West Ham,Brentford,0,1,2025-02-15 15:00:00,Christian Nørgaard,Pass,Bryan Mbeumo
617247,35,BlockedShot,0.8109999847412109,0.519000015258789,0.15244098007678986,Bryan Mbeumo,a,6552,DirectFreekick,2024,LeftFoot,26851,West Ham,Brentford,0,1,2025-02-15 15:00:00,,Standard,Bryan Mbeumo
617249,48,MissedShots,0.8080000305175781,0.46700000762939453,0.1546245664358139,Bryan Mbeumo,a,6552,OpenPlay,2024,LeftFoot,26851,West Ham,Brentford,0,1,2025-02-15 15:00:00,Keane Lewis-Potter,Throughball,Bryan Mbeumo
618209,26,Goal,0.8719999694824219,0.28299999237060547,0.0728670209646225,Bryan Mbeumo,a,6552,OpenPlay,2024,LeftFoot,26858,Leicester,Brentford,0,4,2025-02-21 20:00:00,Mikkel Damsgaard,Pass,Bryan Mbeumo
618215,67,BlockedShot,0.9280000305175782,0.2879999923706055,0.05318088456988335,Bryan Mbeumo,a,6552,OpenPlay,2024,RightFoot,26858,Leicester,Brentford,0,4,2025-02-21 20:00:00,,None,Bryan Mbeumo
618217,69,MissedShots,0.775,0.43599998474121093,0.020724644884467125,Bryan Mbeumo,a,6552,FromCorner,2024,RightFoot,26858,Leicester,Brentford,0,4,2025-02-21 20:00:00,,None,Bryan Mbeumo
618222,88,SavedShot,0.9490000152587891,0.2670000076293945,0.2745818495750427,Bryan Mbeumo,a,6552,OpenPlay,2024,RightFoot,26858,Leicester,Brentford,0,4,2025-02-21 20:00:00,Yehor Yarmolyuk,Chipped,Bryan Mbeumo
619532,48,ShotOnPost,0.9580000305175781,0.47900001525878905,0.4801921844482422,Bryan Mbeumo,h,6552,OpenPlay,2024,Head,26862,Brentford,Everton,1,1,2025-02-26 19:30:00,Kevin Schade,Pass,Bryan Mbeumo
619541,78,BlockedShot,0.8780000305175781,0.28,0.03830631449818611,Bryan Mbeumo,h,6552,OpenPlay,2024,LeftFoot,26862,Brentford,Everton,1,1,2025-02-26 19:30:00,Mikkel Damsgaard,Pass,Bryan Mbeumo
621486,70,MissedShots,0.9269999694824219,0.3390000152587891,0.053791191428899765,Bryan Mbeumo,h,6552,FromCorner,2024,LeftFoot,26872,Brentford,Aston Villa,0,1,2025-03-08 17:30:00,,None,Bryan Mbeumo
622897,30,BlockedShot,0.79,0.425,0.03680112212896347,Bryan Mbeumo,a,6552,OpenPlay,2024,LeftFoot,26882,Bournemouth,Brentford,1,2,2025-03-15 17:30:00,Christian Nørgaard,BallRecovery,Bryan Mbeumo
622907,57,SavedShot,0.894000015258789,0.27100000381469724,0.0397011823952198,Bryan Mbeumo,a,6552,OpenPlay,2024,LeftFoot,26882,Bournemouth,Brentford,1,2,2025-03-15 17:30:00,Yoane Wissa,Pass,Bryan Mbeumo
622917,93,MissedShots,0.7930000305175782,0.21899999618530275,0.043313171714544296,Bryan Mbeumo,a,6552,DirectFreekick,2024,LeftFoot,26882,Bournemouth,Brentford,1,2,2025-03-15 17:30:00,,Standard,Bryan Mbeumo
625167,33,MissedShots,0.775,0.539000015258789,0.030465807765722275,Bryan Mbeumo,a,6552,OpenPlay,2024,LeftFoot,26899,Newcastle United,Brentford,2,1,2025-04-02 19:45:00,,None,Bryan Mbeumo
625169,35,BlockedShot,0.865999984741211,0.34200000762939453,0.04356556385755539,Bryan Mbeumo,a,6552,OpenPlay,2024,RightFoot,26899,Newcastle United,Brentford,2,1,2025-04-02 19:45:00,,Rebound,Bryan Mbeumo
625180,65,Goal,0.885,0.5,0.7611688375473022,Bryan Mbeumo,a,6552,Penalty,2024,LeftFoot,26899,Newcastle United,Brentford,2,1,2025-04-02 19:45:00,,Standard,Bryan Mbeumo
626173,31,MissedShots,0.845,0.37400001525878906,0.058906592428684235,Bryan Mbeumo,h,6552,OpenPlay,2024,LeftFoot,26903,Brentford,Chelsea,0,0,2025-04-06 13:00:00,,BallTouch,Bryan Mbeumo
626190,78,SavedShot,0.875999984741211,0.6079999923706054,0.12597553431987762,Bryan Mbeumo,h,6552,OpenPlay,2024,LeftFoot,26903,Brentford,Chelsea,0,0,2025-04-06 13:00:00,Yoane Wissa,Pass,Bryan Mbeumo
628637,8,Goal,0.8540000152587891,0.45799999237060546,0.3178524672985077,Bryan Mbeumo,h,6552,OpenPlay,2024,RightFoot,26923,Brentford,Brighton,4,2,2025-04-19 14:00:00,Keane Lewis-Potter,Throughball,Bryan Mbeumo
628646,47,Goal,0.8640000152587891,0.34200000762939453,0.048869457095861435,Bryan Mbeumo,h,6552,OpenPlay,2024,LeftFoot,26923,Brentford,Brighton,4,2,2025-04-19 14:00:00,Yoane Wissa,Pass,Bryan Mbeumo
628653,69,BlockedShot,0.7609999847412109,0.27600000381469725,0.01561658550053835,Bryan Mbeumo,h,6552,OpenPlay,2024,LeftFoot,26923,Brentford,Brighton,4,2,2025-04-19 14:00:00,Kristoffer Ajer,Pass,Bryan Mbeumo
628660,99,BlockedShot,0.9169999694824219,0.34,0.09255968779325485,Bryan Mbeumo,h,6552,OpenPlay,2024,LeftFoot,26923,Brentford,Brighton,4,2,2025-04-19 14:00:00,Vitaly Janelt,Cross,Bryan Mbeumo
631047,52,BlockedShot,0.8669999694824219,0.25,0.04240436106920242,Bryan Mbeumo,a,6552,OpenPlay,2024,LeftFoot,26939,Nottingham Forest,Brentford,0,2,2025-05-01 18:30:00,Christian Nørgaard,Chipped,Bryan Mbeumo
631052,66,BlockedShot,0.8519999694824218,0.49900001525878906,0.05668887495994568,Bryan Mbeumo,a,6552,FromCorner,2024,LeftFoot,26939,Nottingham Forest,Brentford,0,2,2025-05-01 18:30:00,Kevin Schade,Pass,Bryan Mbeumo
631058,87,MissedShots,0.865999984741211,0.3609999847412109,0.09934757649898529,Bryan Mbeumo,a,6552,OpenPlay,2024,LeftFoot,26939,Nottingham Forest,Brentford,0,2,2025-05-01 18:30:00,Yehor Yarmolyuk,Pass,Bryan Mbeumo
631877,69,BlockedShot,0.8630000305175781,0.28200000762939453,0.04805634170770645,Bryan Mbeumo,h,6552,OpenPlay,2024,LeftFoot,26947,Brentford,Manchester United,4,3,2025-05-04 13:00:00,Mikkel Damsgaard,Pass,Bryan Mbeumo
631881,82,BlockedShot,0.8190000152587891,0.4859999847412109,0.05878095328807831,Bryan Mbeumo,h,6552,OpenPlay,2024,LeftFoot,26947,Brentford,Manchester United,4,3,2025-05-04 13:00:00,,None,Bryan Mbeumo
632762,31,SavedShot,0.9180000305175782,0.2670000076293945,0.04807271435856819,Bryan Mbeumo,a,6552,OpenPlay,2024,RightFoot,26954,Ipswich,Brentford,0,1,2025-05-10 14:00:00,Yoane Wissa,Pass,Bryan Mbeumo
632765,45,BlockedShot,0.8059999847412109,0.3029999923706055,0.03972697630524635,Bryan Mbeumo,a,6552,OpenPlay,2024,LeftFoot,26954,Ipswich,Brentford,0,1,2025-05-10 14:00:00,Michael Kayode,TakeOn,Bryan Mbeumo
632773,65,BlockedShot,0.7569999694824219,0.5159999847412109,0.03654393181204796,Bryan Mbeumo,a,6552,OpenPlay,2024,RightFoot,26954,Ipswich,Brentford,0,1,2025-05-10 14:00:00,,None,Bryan Mbeumo
632775,69,SavedShot,0.9619999694824218,0.34400001525878904,0.057218458503484726,Bryan Mbeumo,a,6552,OpenPlay,2024,RightFoot,26954,Ipswich,Brentford,0,1,2025-05-10 14:00:00,Keane Lewis-Potter,Cross,Bryan Mbeumo
635047,21,Goal,0.8930000305175781,0.385,0.07688885182142258,Bryan Mbeumo,h,6552,OpenPlay,2024,RightFoot,26964,Brentford,Fulham,2,3,2025-05-18 14:00:00,Yoane Wissa,Pass,Bryan Mbeumo
635048,27,SavedShot,0.885,0.5,0.7611688375473022,Bryan Mbeumo,h,6552,Penalty,2024,LeftFoot,26964,Brentford,Fulham,2,3,2025-05-18 14:00:00,,Standard,Bryan Mbeumo
635063,80,MissedShots,0.87,0.5329999923706055,0.06954582035541534,Bryan Mbeumo,h,6552,OpenPlay,2024,RightFoot,26964,Brentford,Fulham,2,3,2025-05-18 14:00:00,,None,Bryan Mbeumo
636308,19,Goal,0.9059999847412109,0.4329999923706055,0.4194124639034271,Bryan Mbeumo,a,6552,OpenPlay,2024,RightFoot,26978,Wolverhampton Wanderers,Brentford,1,1,2025-05-25 15:00:00,Christian Nørgaard,Pass,Bryan Mbeumo
636323,73,MissedShots,0.7280000305175781,0.5170000076293946,0.022629648447036743,Bryan Mbeumo,a,6552,OpenPlay,2024,LeftFoot,26978,Wolverhampton Wanderers,Brentford,1,1,2025-05-25 15:00:00,,None,Bryan Mbeumo
638223,5,SavedShot,0.87,0.37599998474121094,0.07126373052597046,Bryan Mbeumo,h,6552,OpenPlay,2025,RightFoot,28786,Manchester United,Arsenal,0,1,2025-08-17 15:30:00,Mason Mount,Pass,Bryan Mbeumo
638227,24,BlockedShot,0.8240000152587891,0.38299999237060545,0.09468268603086472,Bryan Mbeumo,h,6552,OpenPlay,2025,LeftFoot,28786,Manchester United,Arsenal,0,1,2025-08-17 15:30:00,Casemiro,Chipped,Bryan Mbeumo
638241,68,BlockedShot,0.9009999847412109,0.4470000076293945,0.08600316196680069,Bryan Mbeumo,h,6552,OpenPlay,2025,RightFoot,28786,Manchester United,Arsenal,0,1,2025-08-17 15:30:00,,BallTouch,Bryan Mbeumo
638242,68,MissedShots,0.8859999847412109,0.5129999923706055,0.078298419713974,Bryan Mbeumo,h,6552,OpenPlay,2025,RightFoot,28786,Manchester United,Arsenal,0,1,2025-08-17 15:30:00,Bruno Fernandes,Cross,Bryan Mbeumo
638243,72,SavedShot,0.9030000305175782,0.4640000152587891,0.056700605899095535,Bryan Mbeumo,h,6552,OpenPlay,2025,Head,28786,Manchester United,Arsenal,0,1,2025-08-17 15:30:00,,None,Bryan Mbeumo
640287,13,SavedShot,0.86,0.3060000038146973,0.044754162430763245,Bryan Mbeumo,h,6552,OpenPlay,2025,LeftFoot,28802,Manchester United,Burnley,3,2,2025-08-30 14:00:00,Bruno Fernandes,Chipped,Bryan Mbeumo
640288,14,MissedShots,0.8719999694824219,0.3189999961853027,0.10564959794282913,Bryan Mbeumo,h,6552,OpenPlay,2025,RightFoot,28802,Manchester United,Burnley,3,2,2025-08-30 14:00:00,Mason Mount,Chipped,Bryan Mbeumo
640307,56,Goal,0.9259999847412109,0.49,0.552983283996582,Bryan Mbeumo,h,6552,OpenPlay,2025,LeftFoot,28802,Manchester United,Burnley,3,2,2025-08-30 14:00:00,Diogo Dalot,Pass,Bryan Mbeumo
642432,60,SavedShot,0.8869999694824219,0.3160000038146973,0.022772084921598434,Bryan Mbeumo,a,6552,OpenPlay,2025,LeftFoot,28817,Manchester City,Manchester United,3,0,2025-09-14 15:30:00,Patrick Dorgu,Cross,Bryan Mbeumo
642438,79,MissedShots,0.9480000305175781,0.34200000762939453,0.03856297954916954,Bryan Mbeumo,a,6552,OpenPlay,2025,RightFoot,28817,Manchester City,Manchester United,3,0,2025-09-14 15:30:00,Patrick Dorgu,Cross,Bryan Mbeumo
642439,81,MissedShots,0.7609999847412109,0.355,0.012711523100733757,Bryan Mbeumo,a,6552,OpenPlay,2025,LeftFoot,28817,Manchester City,Manchester United,3,0,2025-09-14 15:30:00,Kobbie Mainoo,None,Bryan Mbeumo
642441,83,MissedShots,0.9669999694824218,0.4540000152587891,0.6350149512290955,Bryan Mbeumo,a,6552,OpenPlay,2025,LeftFoot,28817,Manchester City,Manchester United,3,0,2025-09-14 15:30:00,Amad Diallo Traore,Rebound,Bryan Mbeumo
643288,2,SavedShot,0.9330000305175781,0.3970000076293945,0.06756933778524399,Bryan Mbeumo,h,6552,OpenPlay,2025,Head,28824,Manchester United,Chelsea,2,1,2025-09-20 16:30:00,Patrick Dorgu,Cross,Bryan Mbeumo
643290,7,BlockedShot,0.785,0.46,0.022691035643219948,Bryan Mbeumo,h,6552,SetPiece,2025,LeftFoot,28824,Manchester United,Chelsea,2,1,2025-09-20 16:30:00,,Rebound,Bryan Mbeumo
643294,17,MissedShots,0.8119999694824219,0.34599998474121096,0.04373050853610039,Bryan Mbeumo,h,6552,OpenPlay,2025,LeftFoot,28824,Manchester United,Chelsea,2,1,2025-09-20 16:30:00,Bruno Fernandes,Pass,Bryan Mbeumo
646150,21,SavedShot,0.7959999847412109,0.32099998474121094,0.03234534710645676,Bryan Mbeumo,h,6552,OpenPlay,2025,LeftFoot,28845,Manchester United,Sunderland,2,0,2025-10-04 14:00:00,Amad Diallo Traore,Pass,Bryan Mbeumo
646161,54,MissedShots,0.86,0.37900001525878907,0.09342284500598907,Bryan Mbeumo,h,6552,OpenPlay,2025,LeftFoot,28845,Manchester United,Sunderland,2,0,2025-10-04 14:00:00,Benjamin Sesko,Pass,Bryan Mbeumo
648287,1,Goal,0.9269999694824219,0.36,0.3349863588809967,Bryan Mbeumo,a,6552,OpenPlay,2025,RightFoot,28852,Liverpool,Manchester United,1,2,2025-10-19 15:30:00,Amad Diallo Traore,Throughball,Bryan Mbeumo
648293,26,SavedShot,0.914000015258789,0.5029999923706054,0.5278137922286987,Bryan Mbeumo,a,6552,OpenPlay,2025,LeftFoot,28852,Liverpool,Manchester United,1,2,2025-10-19 15:30:00,,None,Bryan Mbeumo
648313,83,BlockedShot,0.845999984741211,0.6559999847412109,0.03670772537589073,Bryan Mbeumo,a,6552,FromCorner,2025,LeftFoot,28852,Liverpool,Manchester United,1,2,2025-10-19 15:30:00,Bruno Fernandes,Pass,Bryan Mbeumo
649100,60,Goal,0.860999984741211,0.405,0.10491649806499481,Bryan Mbeumo,h,6552,OpenPlay,2025,LeftFoot,28865,Manchester United,Brighton,4,2,2025-10-25 16:30:00,Benjamin Sesko,Pass,Bryan Mbeumo
649101,70,SavedShot,0.8680000305175781,0.54,0.4397951066493988,Bryan Mbeumo,h,6552,OpenPlay,2025,LeftFoot,28865,Manchester United,Brighton,4,2,2025-10-25 16:30:00,Bruno Fernandes,Pass,Bryan Mbeumo
649112,96,Goal,0.8980000305175782,0.5840000152587891,0.34458863735198975,Bryan Mbeumo,h,6552,OpenPlay,2025,LeftFoot,28865,Manchester United,Brighton,4,2,2025-10-25 16:30:00,Ayden Heaven,Pass,Bryan Mbeumo
650901,55,SavedShot,0.8369999694824218,0.4229999923706055,0.05240187421441078,Bryan Mbeumo,a,6552,OpenPlay,2025,LeftFoot,28874,Nottingham Forest,Manchester United,2,2,2025-11-01 15:00:00,Matheus Cunha,BallTouch,Bryan Mbeumo
652041,31,Goal,0.9169999694824219,0.575,0.2692733407020569,Bryan Mbeumo,a,6552,OpenPlay,2025,Head,28886,Tottenham,Manchester United,2,2,2025-11-08 12:30:00,Amad Diallo Traore,Cross,Bryan Mbeumo
652040,31,MissedShots,0.914000015258789,0.5,0.11519385129213333,Bryan Mbeumo,a,6552,OpenPlay,2025,Head,28886,Tottenham,Manchester United,2,2,2025-11-08 12:30:00,Patrick Dorgu,Cross,Bryan Mbeumo
654637,55,BlockedShot,0.79,0.3290000152587891,0.03514866903424263,Bryan Mbeumo,h,6552,FromCorner,2025,LeftFoot,28895,Manchester United,Everton,0,1,2025-11-24 20:00:00,Amad Diallo Traore,Pass,Bryan Mbeumo
654638,62,SavedShot,0.8169999694824219,0.435,0.04488294944167137,Bryan Mbeumo,h,6552,OpenPlay,2025,LeftFoot,28895,Manchester United,Everton,0,1,2025-11-24 20:00:00,,None,Bryan Mbeumo
654641,67,MissedShots,0.8640000152587891,0.3240000152587891,0.034959811717271805,Bryan Mbeumo,h,6552,OpenPlay,2025,LeftFoot,28895,Manchester United,Everton,0,1,2025-11-24 20:00:00,Amad Diallo Traore,HeadPass,Bryan Mbeumo
656378,0,SavedShot,0.9669999694824218,0.48900001525878906,0.5896964073181152,Bryan Mbeumo,a,6552,OpenPlay,2025,LeftFoot,28901,Crystal Palace,Manchester United,1,2,2025-11-30 12:00:00,,BallTouch,Bryan Mbeumo
656401,76,SavedShot,0.874000015258789,0.6559999847412109,0.12419658899307251,Bryan Mbeumo,a,6552,OpenPlay,2025,RightFoot,28901,Crystal Palace,Manchester United,1,2,2025-11-30 12:00:00,Joshua Zirkzee,Tackle,Bryan Mbeumo
656403,83,MissedShots,0.7909999847412109,0.37599998474121094,0.037098973989486694,Bryan Mbeumo,a,6552,OpenPlay,2025,LeftFoot,28901,Crystal Palace,Manchester United,1,2,2025-11-30 12:00:00,Noussair Mazraoui,Pass,Bryan Mbeumo
656439,23,SavedShot,0.8640000152587891,0.16899999618530273,0.02908547781407833,Bryan Mbeumo,h,6552,FromCorner,2025,LeftFoot,28915,Manchester United,West Ham,1,1,2025-12-04 20:00:00,Bruno Fernandes,Pass,Bryan Mbeumo
656451,65,BlockedShot,0.860999984741211,0.27700000762939453,0.04354630410671234,Bryan Mbeumo,h,6552,OpenPlay,2025,LeftFoot,28915,Manchester United,West Ham,1,1,2025-12-04 20:00:00,Bruno Fernandes,Pass,Bryan Mbeumo
657810,8,SavedShot,0.885,0.6430000305175781,0.039095934480428696,Bryan Mbeumo,a,6552,FromCorner,2025,RightFoot,28927,Wolverhampton Wanderers,Manchester United,1,4,2025-12-08 20:00:00,Noussair Mazraoui,Cross,Bryan Mbeumo
657818,28,SavedShot,0.914000015258789,0.40799999237060547,0.39695653319358826,Bryan Mbeumo,a,6552,OpenPlay,2025,LeftFoot,28927,Wolverhampton Wanderers,Manchester United,1,4,2025-12-08 20:00:00,Bruno Fernandes,Throughball,Bryan Mbeumo
657826,47,BlockedShot,0.795,0.3029999923706055,0.01927514560520649,Bryan Mbeumo,a,6552,OpenPlay,2025,LeftFoot,28927,Wolverhampton Wanderers,Manchester United,1,4,2025-12-08 20:00:00,Matheus Cunha,Pass,Bryan Mbeumo
657829,50,Goal,0.9009999847412109,0.45799999237060546,0.5486844778060913,Bryan Mbeumo,a,6552,OpenPlay,2025,RightFoot,28927,Wolverhampton Wanderers,Manchester United,1,4,2025-12-08 20:00:00,Diogo Dalot,Pass,Bryan Mbeumo
658995,25,SavedShot,0.860999984741211,0.6459999847412109,0.08098112046718597,Bryan Mbeumo,h,6552,OpenPlay,2025,RightFoot,28934,Manchester United,Bournemouth,4,4,2025-12-15 20:00:00,Diogo Dalot,Pass,Bryan Mbeumo
659001,35,MissedShots,0.8959999847412109,0.5990000152587891,0.08613324910402298,Bryan Mbeumo,h,6552,OpenPlay,2025,LeftFoot,28934,Manchester United,Bournemouth,4,4,2025-12-15 20:00:00,Matheus Cunha,Cross,Bryan Mbeumo
659010,63,SavedShot,0.8159999847412109,0.4520000076293945,0.05805442854762077,Bryan Mbeumo,h,6552,OpenPlay,2025,LeftFoot,28934,Manchester United,Bournemouth,4,4,2025-12-15 20:00:00,Mason Mount,Pass,Bryan Mbeumo
659012,69,MissedShots,0.905,0.40400001525878904,0.07908925414085388,Bryan Mbeumo,h,6552,OpenPlay,2025,LeftFoot,28934,Manchester United,Bournemouth,4,4,2025-12-15 20:00:00,,Rebound,Bryan Mbeumo
663346,27,MissedShots,0.9030000305175782,0.504000015258789,0.06836949288845062,Bryan Mbeumo,h,6552,OpenPlay,2025,Head,28993,Manchester United,Manchester City,2,0,2026-01-17 12:30:00,,None,Bryan Mbeumo
663354,62,SavedShot,0.945,0.5520000076293945,0.4705049693584442,Bryan Mbeumo,h,6552,OpenPlay,2025,LeftFoot,28993,Manchester United,Manchester City,2,0,2026-01-17 12:30:00,Bruno Fernandes,Cross,Bryan Mbeumo
663355,64,Goal,0.8909999847412109,0.6090000152587891,0.36643466353416443,Bryan Mbeumo,h,6552,OpenPlay,2025,LeftFoot,28993,Manchester United,Manchester City,2,0,2026-01-17 12:30:00,Bruno Fernandes,Pass,Bryan Mbeumo
665430,36,Goal,0.8690000152587891,0.43900001525878907,0.268869549036026,Bryan Mbeumo,a,6552,OpenPlay,2025,RightFoot,28999,Arsenal,Manchester United,2,3,2026-01-25 16:30:00,,BallRecovery,Bryan Mbeumo
665432,45,MissedShots,0.7980000305175782,0.43,0.04648538678884506,Bryan Mbeumo,a,6552,OpenPlay,2025,RightFoot,28999,Arsenal,Manchester United,2,3,2026-01-25 16:30:00,Bruno Fernandes,Chipped,Bryan Mbeumo
666438,47,SavedShot,0.8919999694824219,0.5840000152587891,0.36770099401474,Bryan Mbeumo,h,6552,OpenPlay,2025,LeftFoot,29012,Manchester United,Fulham,3,2,2026-02-01 14:00:00,Diogo Dalot,Throughball,Bryan Mbeumo
667025,0,MissedShots,0.91,0.6869999694824219,0.0643032044172287,Bryan Mbeumo,h,6552,OpenPlay,2025,LeftFoot,29025,Manchester United,Tottenham,2,0,2026-02-07 12:30:00,Bruno Fernandes,Pass,Bryan Mbeumo
667038,37,Goal,0.850999984741211,0.52,0.051388245075941086,Bryan Mbeumo,h,6552,FromCorner,2025,LeftFoot,29025,Manchester United,Tottenham,2,0,2026-02-07 12:30:00,Kobbie Mainoo,Pass,Bryan Mbeumo
667050,85,MissedShots,0.865,0.4109999847412109,0.10405639559030533,Bryan Mbeumo,h,6552,OpenPlay,2025,RightFoot,29025,Manchester United,Tottenham,2,0,2026-02-07 12:30:00,Amad Diallo Traore,Pass,Bryan Mbeumo
668253,76,MissedShots,0.905,0.4829999923706055,0.04002276062965393,Bryan Mbeumo,a,6552,OpenPlay,2025,Head,29037,West Ham,Manchester United,1,1,2026-02-10 20:15:00,Luke Shaw,Aerial,Bryan Mbeumo
668254,87,BlockedShot,0.8490000152587891,0.37400001525878906,0.06161315739154816,Bryan Mbeumo,a,6552,OpenPlay,2025,LeftFoot,29037,West Ham,Manchester United,1,1,2026-02-10 20:15:00,Bruno Fernandes,Pass,Bryan Mbeumo
670584,35,MissedShots,0.7930000305175782,0.435,0.038315288722515106,Bryan Mbeumo,a,6552,OpenPlay,2025,LeftFoot,29042,Everton,Manchester United,0,1,2026-02-23 20:00:00,Diogo Dalot,Pass,Bryan Mbeumo
670589,50,MissedShots,0.98,0.5590000152587891,0.6143550872802734,Bryan Mbeumo,a,6552,OpenPlay,2025,LeftFoot,29042,Everton,Manchester United,0,1,2026-02-23 20:00:00,,None,Bryan Mbeumo
670591,54,MissedShots,0.870999984741211,0.500999984741211,0.038109246641397476,Bryan Mbeumo,a,6552,OpenPlay,2025,Head,29042,Everton,Manchester United,0,1,2026-02-23 20:00:00,Casemiro,Cross,Bryan Mbeumo
672314,44,MissedShots,0.9180000305175782,0.4420000076293945,0.4159366190433502,Bryan Mbeumo,a,6552,OpenPlay,2025,RightFoot,29065,Newcastle United,Manchester United,2,1,2026-03-04 20:15:00,,Rebound,Bryan Mbeumo
674428,34,MissedShots,0.7980000305175782,0.3629999923706055,0.021635085344314575,Bryan Mbeumo,h,6552,FromCorner,2025,LeftFoot,29074,Manchester United,Aston Villa,3,1,2026-03-15 14:00:00,,None,Bryan Mbeumo
674435,51,SavedShot,0.8519999694824218,0.6840000152587891,0.07042326778173447,Bryan Mbeumo,h,6552,OpenPlay,2025,LeftFoot,29074,Manchester United,Aston Villa,3,1,2026-03-15 14:00:00,Bruno Fernandes,Pass,Bryan Mbeumo
675062,25,BlockedShot,0.7780000305175782,0.40299999237060546,0.014960243366658688,Bryan Mbeumo,a,6552,FromCorner,2025,RightFoot,29078,Bournemouth,Manchester United,2,2,2026-03-20 20:00:00,,Aerial,Bryan Mbeumo
678807,78,BlockedShot,0.9009999847412109,0.38,0.06867664307355881,Bryan Mbeumo,h,6552,OpenPlay,2025,LeftFoot,29088,Manchester United,Leeds,1,2,2026-04-13 19:00:00,Casemiro,Chipped,Bryan Mbeumo
682916,45,BlockedShot,0.8730000305175781,0.33099998474121095,0.05781814455986023,Bryan Mbeumo,h,6552,OpenPlay,2025,LeftFoot,29125,Manchester United,Liverpool,3,2,2026-05-03 14:30:00,,None,Bryan Mbeumo
682915,47,BlockedShot,0.8340000152587891,0.46,0.046243999153375626,Bryan Mbeumo,h,6552,FromCorner,2025,LeftFoot,29125,Manchester United,Liverpool,3,2,2026-05-03 14:30:00,Bruno Fernandes,Pass,Bryan Mbeumo
682919,52,ShotOnPost,0.95,0.4859999847412109,0.15734227001667023,Bryan Mbeumo,h,6552,OpenPlay,2025,RightFoot,29125,Manchester United,Liverpool,3,2,2026-05-03 14:30:00,Bruno Fernandes,Pass,Bryan Mbeumo
682922,57,MissedShots,0.8640000152587891,0.49200000762939455,0.06791256368160248,Bryan Mbeumo,h,6552,OpenPlay,2025,LeftFoot,29125,Manchester United,Liverpool,3,2,2026-05-03 14:30:00,Bruno Fernandes,Cross,Bryan Mbeumo
683726,94,BlockedShot,0.8480000305175781,0.38099998474121094,0.020507553592324257,Bryan Mbeumo,a,6552,FromCorner,2025,LeftFoot,29135,Sunderland,Manchester United,0,0,2026-05-09 14:00:00,Bruno Fernandes,Chipped,Bryan Mbeumo
